"r_object_id";"nls_key";"business_policy_id";"state_name";"type_name";"resync_needed";"label_text";"help_text";"comment_text";"is_searchable";"ignore_constraints";"life_cycle";"constraint_dep_usr";"primary_key";"primary_key_enf";"primary_key_msg";"attr_name";"ignore_immutable";"not_null";"not_null_enf";"not_null_msg";"cond_value_assist";"value_assist_dep_usr";"cond_computed_expr";"computed_dep_usr";"default_search_op";"default_search_arg";"read_only";"reference_kind";"is_required";"is_hidden";"format_pattern";"format_pattern_tag";"def_value_length";"category_name";"domain_type";"domain_length";"super_domain_name";"super_domain_id"
"6a02cba080008100";"en";"0000000000000000";"";"cms_digidak_document";"0";"Version Stamp";"";"";"0";"0";"1";"0";"0000000000000000";"2";"";"i_vstamp";"1";"0";"2";"";"0000000000000000";"0";"0000000000000000";"0";"1";"";"1";"0";"0";"1";"";"0";"0";"";"1";"0";"";"0000000000000000"
"6a02cba080008101";"en";"0000000000000000";"";"cms_digidak_document";"0";"Is Replica";"";"";"1";"0";"1";"0";"0000000000000000";"2";"";"i_is_replica";"0";"0";"2";"";"0000000000000000";"0";"0000000000000000";"0";"1";"";"1";"0";"0";"1";"";"0";"0";"";"0";"0";"";"0000000000000000"
"6a02cba080008102";"en";"0000000000000000";"";"cms_digidak_document";"0";"Partition Number";"";"";"1";"0";"1";"0";"0000000000000000";"2";"";"i_partition";"0";"0";"2";"";"0000000000000000";"0";"0000000000000000";"0";"1";"";"1";"0";"0";"1";"";"0";"0";"";"1";"0";"";"0000000000000000"
"6a02cba080008103";"en";"0000000000000000";"";"cms_digidak_document";"0";"Retainer ID";"";"";"1";"0";"1";"0";"0000000000000000";"2";"";"i_retainer_id";"0";"0";"2";"";"0000000000000000";"0";"0000000000000000";"0";"1";"";"1";"0";"0";"1";"";"0";"0";"";"3";"0";"";"0000000000000000"
"6a02cba080008104";"en";"0000000000000000";"";"cms_digidak_document";"0";"Aspect Name";"";"";"0";"0";"1";"0";"0000000000000000";"2";"";"r_aspect_name";"0";"0";"2";"";"0000000000000000";"0";"0000000000000000";"0";"8";"";"1";"0";"0";"0";"";"0";"0";"";"2";"64";"";"0000000000000000"
"6a02cba080008105";"en";"0000000000000000";"";"cms_digidak_document";"0";"Retain Content Until";"";"";"1";"0";"1";"0";"0000000000000000";"2";"";"i_retain_until";"0";"0";"2";"";"0000000000000000";"0";"0000000000000000";"0";"1";"";"1";"0";"0";"0";"";"0";"0";"";"4";"0";"";"0000000000000000"
"6a02cba080008106";"en";"0000000000000000";"";"cms_digidak_document";"0";"Last Review Date";"";"";"1";"0";"1";"0";"0000000000000000";"2";"";"a_last_review_date";"0";"0";"2";"";"0000000000000000";"0";"0000000000000000";"0";"1";"";"0";"0";"0";"0";"";"0";"0";"";"4";"0";"";"0000000000000000"
"6a02cba080008107";"en";"0000000000000000";"";"cms_digidak_document";"0";"Is Signed";"";"";"1";"0";"1";"0";"0000000000000000";"2";"";"a_is_signed";"0";"0";"2";"";"0000000000000000";"0";"0000000000000000";"0";"1";"";"0";"0";"0";"0";"";"0";"0";"";"0";"0";"";"0000000000000000"
"6a02cba080008108";"en";"0000000000000000";"";"cms_digidak_document";"0";"Extended Properties";"";"";"1";"0";"1";"0";"0000000000000000";"2";"";"a_extended_properties";"0";"0";"2";"";"0000000000000000";"0";"0000000000000000";"0";"8";"";"0";"0";"0";"0";"";"0";"0";"";"2";"32";"";"0000000000000000"
"6a02cba080008109";"en";"0000000000000000";"";"cms_digidak_document";"0";"Full Content Size";"";"";"1";"0";"1";"0";"0000000000000000";"2";"";"r_full_content_size";"0";"0";"2";"";"0000000000000000";"0";"0000000000000000";"0";"1";"";"1";"0";"0";"0";"";"0";"0";"";"5";"0";"";"0000000000000000"
"6a02cba08000810a";"en";"0000000000000000";"";"cms_digidak_document";"0";"Controlling Application";"";"";"1";"0";"1";"0";"0000000000000000";"2";"";"a_controlling_app";"0";"0";"2";"";"0000000000000000";"0";"0000000000000000";"0";"8";"";"0";"0";"0";"0";"";"0";"0";"";"2";"32";"";"0000000000000000"
"6a02cba08000810b";"en";"0000000000000000";"";"cms_digidak_document";"0";"Template";"";"";"1";"0";"1";"0";"0000000000000000";"2";"";"a_is_template";"0";"0";"2";"";"0000000000000000";"0";"0000000000000000";"0";"1";"";"0";"0";"0";"0";"";"0";"0";"";"0";"0";"";"0000000000000000"
"6a02cba08000810c";"en";"0000000000000000";"";"cms_digidak_document";"0";"Language Code";"";"";"1";"0";"1";"0";"0000000000000000";"2";"";"language_code";"0";"0";"2";"";"0000000000000000";"0";"0000000000000000";"0";"8";"";"0";"0";"0";"0";"";"0";"0";"";"2";"5";"";"0000000000000000"
"6a02cba08000810d";"en";"0000000000000000";"";"cms_digidak_document";"0";"Category";"";"";"1";"0";"1";"0";"0000000000000000";"2";"";"a_category";"0";"0";"2";"";"0000000000000000";"0";"0000000000000000";"0";"8";"";"0";"0";"0";"0";"";"0";"0";"";"2";"64";"";"0000000000000000"
"6a02cba08000810e";"en";"0000000000000000";"";"cms_digidak_document";"0";"Effective Flag";"";"";"1";"0";"1";"0";"0000000000000000";"2";"";"a_effective_flag";"0";"0";"2";"";"0000000000000000";"0";"0000000000000000";"0";"8";"";"0";"0";"0";"0";"";"0";"0";"";"2";"8";"";"0000000000000000"
"6a02cba08000810f";"en";"0000000000000000";"";"cms_digidak_document";"0";"Effective Label";"";"";"1";"0";"1";"0";"0000000000000000";"2";"";"a_effective_label";"0";"0";"2";"";"0000000000000000";"0";"0000000000000000";"0";"8";"";"0";"0";"0";"0";"";"0";"0";"";"2";"32";"";"0000000000000000"
"6a02cba080008110";"en";"0000000000000000";"";"cms_digidak_document";"0";"Publish Formats";"";"";"1";"0";"1";"0";"0000000000000000";"2";"";"a_publish_formats";"0";"0";"2";"";"0000000000000000";"0";"0000000000000000";"0";"8";"";"0";"0";"0";"0";"";"0";"0";"";"2";"32";"";"0000000000000000"
"6a02cba080008111";"en";"0000000000000000";"";"cms_digidak_document";"0";"Expiration Date";"";"";"1";"0";"1";"0";"0000000000000000";"2";"";"a_expiration_date";"0";"0";"2";"";"0000000000000000";"0";"0000000000000000";"0";"1";"";"0";"0";"0";"0";"";"0";"0";"";"4";"0";"";"0000000000000000"
"6a02cba080008112";"en";"0000000000000000";"";"cms_digidak_document";"0";"Effective Date";"";"";"1";"0";"1";"0";"0000000000000000";"2";"";"a_effective_date";"0";"0";"2";"";"0000000000000000";"0";"0000000000000000";"0";"1";"";"0";"0";"0";"0";"";"0";"0";"";"4";"0";"";"0000000000000000"
"6a02cba080008113";"en";"0000000000000000";"";"cms_digidak_document";"0";"Alias Set";"";"";"1";"0";"1";"0";"0000000000000000";"2";"";"r_alias_set_id";"0";"0";"2";"";"0000000000000000";"0";"0000000000000000";"0";"1";"";"1";"0";"0";"0";"";"0";"0";"";"3";"0";"";"0000000000000000"
"6a02cba080008114";"en";"0000000000000000";"";"cms_digidak_document";"0";"Current State";"";"";"1";"0";"1";"0";"0000000000000000";"2";"";"r_current_state";"1";"0";"2";"";"0000000000000000";"0";"0000000000000000";"0";"1";"";"1";"0";"0";"0";"";"0";"0";"";"1";"0";"";"0000000000000000"
"6a02cba080008115";"en";"0000000000000000";"";"cms_digidak_document";"0";"Resume to state";"";"";"1";"0";"1";"0";"0000000000000000";"2";"";"r_resume_state";"1";"0";"2";"";"0000000000000000";"0";"0000000000000000";"0";"1";"";"1";"0";"0";"0";"";"0";"0";"";"1";"0";"";"0000000000000000"
"6a02cba080008116";"en";"0000000000000000";"";"cms_digidak_document";"0";"Lifecycle ID";"";"";"0";"0";"1";"0";"0000000000000000";"2";"";"r_policy_id";"1";"0";"2";"";"0000000000000000";"0";"0000000000000000";"0";"1";"";"1";"0";"0";"0";"";"0";"0";"";"3";"0";"";"0000000000000000"
"6a02cba080008117";"en";"0000000000000000";"";"cms_digidak_document";"0";"Public";"";"";"1";"0";"1";"0";"0000000000000000";"2";"";"r_is_public";"0";"0";"2";"";"0000000000000000";"0";"0000000000000000";"0";"1";"";"1";"0";"0";"0";"";"0";"0";"";"0";"0";"";"0000000000000000"
"6a02cba080008118";"en";"0000000000000000";"";"cms_digidak_document";"0";"Creator Name";"";"";"1";"0";"1";"0";"0000000000000000";"2";"";"r_creator_name";"0";"0";"2";"";"0000000000000000";"0";"0000000000000000";"0";"8";"";"1";"0";"0";"0";"";"0";"0";"";"2";"255";"";"0000000000000000"
"6a02cba080008119";"en";"0000000000000000";"";"cms_digidak_document";"0";"Reference";"";"";"1";"0";"1";"0";"0000000000000000";"2";"";"i_is_reference";"0";"0";"2";"";"0000000000000000";"0";"0000000000000000";"0";"1";"";"1";"0";"0";"1";"";"0";"0";"";"0";"0";"";"0000000000000000"
"6a02cba08000811a";"en";"0000000000000000";"";"cms_digidak_document";"0";"Special Application";"";"";"0";"0";"1";"0";"0000000000000000";"2";"";"a_special_app";"1";"0";"2";"";"0000000000000000";"0";"0000000000000000";"0";"8";"";"0";"0";"0";"0";"";"0";"0";"";"2";"32";"";"0000000000000000"
"6a02cba08000811b";"en";"0000000000000000";"";"cms_digidak_document";"0";"ACL Name";"";"";"0";"0";"1";"0";"0000000000000000";"2";"";"acl_name";"1";"0";"2";"";"0000000000000000";"0";"0000000000000000";"0";"8";"";"0";"0";"0";"0";"";"0";"0";"";"2";"32";"";"0000000000000000"
"6a02cba08000811c";"en";"0000000000000000";"";"cms_digidak_document";"0";"ACL Domain";"";"";"0";"0";"1";"0";"0000000000000000";"2";"";"acl_domain";"1";"0";"2";"";"0000000000000000";"0";"0000000000000000";"0";"8";"";"0";"0";"0";"0";"";"0";"0";"";"2";"255";"";"0000000000000000"
"6a02cba08000811d";"en";"0000000000000000";"";"cms_digidak_document";"0";"Has Events";"";"";"1";"0";"1";"0";"0000000000000000";"2";"";"r_has_events";"0";"0";"2";"";"0000000000000000";"0";"0000000000000000";"0";"1";"";"1";"0";"0";"0";"";"0";"0";"";"0";"0";"";"0000000000000000"
"6a02cba08000811e";"en";"0000000000000000";"";"cms_digidak_document";"0";"Frozen";"";"";"0";"0";"1";"0";"0000000000000000";"2";"";"r_frozen_flag";"1";"0";"2";"";"0000000000000000";"0";"0000000000000000";"0";"1";"";"1";"0";"0";"0";"";"0";"0";"";"0";"0";"";"0000000000000000"
"6a02cba08000811f";"en";"0000000000000000";"";"cms_digidak_document";"0";"Is Immutable";"";"";"0";"0";"1";"0";"0000000000000000";"2";"";"r_immutable_flag";"1";"0";"2";"";"0000000000000000";"0";"0000000000000000";"0";"1";"";"1";"0";"0";"0";"";"0";"0";"";"0";"0";"";"0000000000000000"
"6a02cba080008120";"en";"0000000000000000";"";"cms_digidak_document";"0";"Has Versions";"";"";"1";"0";"1";"0";"0000000000000000";"2";"";"i_direct_dsc";"0";"0";"2";"";"0000000000000000";"0";"0000000000000000";"0";"1";"";"1";"0";"0";"1";"";"0";"0";"";"0";"0";"";"0000000000000000"
"6a02cba080008121";"en";"0000000000000000";"";"cms_digidak_document";"0";"Branch Count";"";"";"1";"0";"1";"0";"0000000000000000";"2";"";"i_branch_cnt";"0";"0";"2";"";"0000000000000000";"0";"0000000000000000";"0";"1";"";"1";"0";"0";"1";"";"0";"0";"";"1";"0";"";"0000000000000000"
"6a02cba080008122";"en";"0000000000000000";"";"cms_digidak_document";"0";"Version Label";"";"";"1";"0";"1";"0";"0000000000000000";"2";"";"r_version_label";"0";"0";"2";"";"0000000000000000";"0";"0000000000000000";"0";"8";"";"1";"0";"0";"0";"";"0";"0";"";"2";"32";"";"0000000000000000"
"6a02cba080008123";"en";"0000000000000000";"";"cms_digidak_document";"0";"User Comments";"";"";"1";"0";"1";"0";"0000000000000000";"2";"";"log_entry";"0";"0";"2";"";"0000000000000000";"0";"0000000000000000";"0";"8";"";"0";"0";"0";"0";"";"0";"0";"";"2";"120";"";"0000000000000000"
"6a02cba080008124";"en";"0000000000000000";"";"cms_digidak_document";"0";"Lock Owner's Host";"";"";"1";"0";"1";"0";"0000000000000000";"2";"";"r_lock_machine";"0";"0";"2";"";"0000000000000000";"0";"0000000000000000";"0";"8";"";"1";"0";"0";"0";"";"0";"0";"";"2";"80";"";"0000000000000000"
"6a02cba080008125";"en";"0000000000000000";"";"cms_digidak_document";"0";"Checkout Date";"";"";"1";"0";"1";"0";"0000000000000000";"2";"";"r_lock_date";"0";"0";"2";"";"0000000000000000";"0";"0000000000000000";"0";"1";"";"1";"0";"0";"0";"";"0";"0";"";"4";"0";"";"0000000000000000"
"6a02cba080008126";"en";"0000000000000000";"";"cms_digidak_document";"0";"Checked Out By";"";"";"1";"0";"1";"0";"0000000000000000";"2";"";"r_lock_owner";"0";"0";"2";"";"0000000000000000";"0";"0000000000000000";"0";"8";"";"1";"0";"0";"0";"";"0";"0";"";"2";"255";"";"0000000000000000"
"6a02cba080008127";"en";"0000000000000000";"";"cms_digidak_document";"0";"Latest Version on Branch";"";"";"1";"0";"1";"0";"0000000000000000";"2";"";"i_latest_flag";"0";"0";"2";"";"0000000000000000";"0";"0000000000000000";"0";"1";"";"1";"0";"0";"1";"";"0";"0";"";"0";"0";"";"0000000000000000"
"6a02cba080008128";"en";"0000000000000000";"";"cms_digidak_document";"0";"Version Tree Root Object";"";"";"0";"0";"1";"0";"0000000000000000";"2";"";"i_chronicle_id";"0";"0";"2";"";"0000000000000000";"0";"0000000000000000";"0";"1";"";"1";"0";"0";"1";"";"0";"0";"";"3";"0";"";"0000000000000000"
"6a02cba080008129";"en";"0000000000000000";"";"cms_digidak_document";"0";"Parent Version";"";"";"0";"0";"1";"0";"0000000000000000";"2";"";"i_antecedent_id";"0";"0";"2";"";"0000000000000000";"0";"0000000000000000";"0";"1";"";"1";"0";"0";"1";"";"0";"0";"";"3";"0";"";"0000000000000000"
"6a02cba08000812a";"en";"0000000000000000";"";"cms_digidak_document";"0";"World Permissions";"";"";"1";"0";"1";"0";"0000000000000000";"2";"";"world_permit";"1";"0";"2";"";"0000000000000000";"0";"0000000000000000";"0";"1";"";"0";"0";"0";"0";"";"0";"0";"";"1";"0";"";"0000000000000000"
"6a02cba08000812b";"en";"0000000000000000";"";"cms_digidak_document";"0";"Group Permit";"";"";"1";"0";"1";"0";"0000000000000000";"2";"";"group_permit";"1";"0";"2";"";"0000000000000000";"0";"0000000000000000";"0";"1";"";"0";"0";"0";"0";"";"0";"0";"";"1";"0";"";"0000000000000000"
"6a02cba08000812c";"en";"0000000000000000";"";"cms_digidak_document";"0";"Group Name";"";"";"1";"0";"1";"0";"0000000000000000";"2";"";"group_name";"1";"0";"2";"";"0000000000000000";"0";"0000000000000000";"0";"8";"";"0";"0";"0";"0";"";"0";"0";"";"2";"255";"";"0000000000000000"
"6a02cba08000812d";"en";"0000000000000000";"";"cms_digidak_document";"0";"Owner Permission";"";"";"1";"0";"1";"0";"0000000000000000";"2";"";"owner_permit";"1";"0";"2";"";"0000000000000000";"0";"0000000000000000";"0";"1";"";"0";"0";"0";"0";"";"0";"0";"";"1";"0";"";"0000000000000000"
"6a02cba08000812e";"en";"0000000000000000";"";"cms_digidak_document";"0";"Owner Name";"";"";"1";"0";"1";"0";"0000000000000000";"2";"";"owner_name";"1";"0";"2";"";"0000000000000000";"0";"0000000000000000";"0";"8";"";"0";"0";"0";"0";"";"0";"0";"";"2";"255";"";"0000000000000000"
"6a02cba08000812f";"en";"0000000000000000";"";"cms_digidak_document";"0";"Primary Cabinet";"";"";"0";"0";"1";"0";"0000000000000000";"2";"";"i_cabinet_id";"0";"0";"2";"";"0000000000000000";"0";"0000000000000000";"0";"1";"";"1";"0";"0";"1";"";"0";"0";"";"3";"0";"";"0000000000000000"
"6a02cba080008130";"en";"0000000000000000";"";"cms_digidak_document";"0";"Storage Type";"";"";"0";"0";"1";"0";"0000000000000000";"2";"";"a_storage_type";"1";"0";"2";"";"0000000000000000";"0";"0000000000000000";"0";"8";"";"0";"0";"0";"0";"";"0";"0";"";"2";"64";"";"0000000000000000"
"6a02cba080008131";"en";"0000000000000000";"";"cms_digidak_document";"0";"Full Text Indexed";"";"";"1";"0";"1";"0";"0000000000000000";"2";"";"a_full_text";"0";"0";"2";"";"0000000000000000";"0";"0000000000000000";"0";"1";"";"0";"0";"0";"0";"";"0";"0";"";"0";"0";"";"0000000000000000"
"6a02cba080008132";"en";"0000000000000000";"";"cms_digidak_document";"0";"Size";"";"";"1";"0";"1";"0";"0000000000000000";"2";"";"r_content_size";"0";"0";"2";"";"0000000000000000";"0";"0000000000000000";"0";"1";"";"1";"0";"0";"0";"";"0";"0";"";"1";"0";"";"0000000000000000"
"6a02cba080008133";"en";"0000000000000000";"";"cms_digidak_document";"0";"Content File Count";"";"";"0";"0";"1";"0";"0000000000000000";"2";"";"r_page_cnt";"0";"0";"2";"";"0000000000000000";"0";"0000000000000000";"0";"1";"";"1";"0";"0";"0";"";"0";"0";"";"1";"0";"";"0000000000000000"
"6a02cba080008134";"en";"0000000000000000";"";"cms_digidak_document";"0";"Format";"";"";"1";"0";"1";"0";"0000000000000000";"2";"";"a_content_type";"0";"0";"2";"";"0000000000000000";"0";"0000000000000000";"0";"8";"";"0";"0";"0";"0";"";"0";"0";"";"2";"32";"";"0000000000000000"
"6a02cba080008135";"en";"0000000000000000";"";"cms_digidak_document";"0";"Content ID";"";"";"0";"0";"1";"0";"0000000000000000";"2";"";"i_contents_id";"0";"0";"2";"";"0000000000000000";"0";"0000000000000000";"0";"1";"";"1";"0";"0";"1";"";"0";"0";"";"3";"0";"";"0000000000000000"
"6a02cba080008136";"en";"0000000000000000";"";"cms_digidak_document";"0";"Virtual Document";"";"";"1";"0";"1";"0";"0000000000000000";"2";"";"r_is_virtual_doc";"0";"0";"2";"";"0000000000000000";"0";"0000000000000000";"0";"1";"";"1";"0";"0";"0";"";"0";"0";"";"1";"0";"";"0000000000000000"
"6a02cba080008137";"en";"0000000000000000";"";"cms_digidak_document";"0";"Resolution Version";"";"";"0";"0";"1";"0";"0000000000000000";"2";"";"resolution_label";"0";"0";"2";"";"0000000000000000";"0";"0000000000000000";"0";"8";"";"0";"0";"0";"0";"";"0";"0";"";"2";"32";"";"0000000000000000"
"6a02cba080008138";"en";"0000000000000000";"";"cms_digidak_document";"0";"Has Frozen Assembly";"";"";"1";"0";"1";"0";"0000000000000000";"2";"";"r_has_frzn_assembly";"0";"0";"2";"";"0000000000000000";"0";"0000000000000000";"0";"1";"";"1";"0";"0";"0";"";"0";"0";"";"0";"0";"";"0000000000000000"
"6a02cba080008139";"en";"0000000000000000";"";"cms_digidak_document";"0";"Frozen Assembly Count";"";"";"0";"0";"1";"0";"0000000000000000";"2";"";"r_frzn_assembly_cnt";"1";"0";"2";"";"0000000000000000";"0";"0000000000000000";"0";"1";"";"1";"0";"0";"0";"";"0";"0";"";"1";"0";"";"0000000000000000"
"6a02cba08000813a";"en";"0000000000000000";"";"cms_digidak_document";"0";"Assembled From";"";"";"0";"0";"1";"0";"0000000000000000";"2";"";"r_assembled_from_id";"0";"0";"2";"";"0000000000000000";"0";"0000000000000000";"0";"1";"";"1";"0";"0";"0";"";"0";"0";"";"3";"0";"";"0000000000000000"
"6a02cba08000813b";"en";"0000000000000000";"";"cms_digidak_document";"0";"Maximum Link Count";"";"";"0";"0";"1";"0";"0000000000000000";"2";"";"r_link_high_cnt";"0";"0";"2";"";"0000000000000000";"0";"0000000000000000";"0";"1";"";"1";"0";"0";"0";"";"0";"0";"";"1";"0";"";"0000000000000000"
"6a02cba08000813c";"en";"0000000000000000";"";"cms_digidak_document";"0";"Link Count";"";"";"1";"0";"1";"0";"0000000000000000";"2";"";"r_link_cnt";"0";"0";"2";"";"0000000000000000";"0";"0000000000000000";"0";"1";"";"1";"0";"0";"0";"";"0";"0";"";"1";"0";"";"0000000000000000"
"6a02cba08000813d";"en";"0000000000000000";"";"cms_digidak_document";"0";"Position";"";"";"0";"0";"1";"0";"0000000000000000";"2";"";"r_order_no";"0";"0";"2";"";"0000000000000000";"0";"0000000000000000";"0";"1";"";"1";"0";"0";"0";"";"0";"0";"";"1";"0";"";"0000000000000000"
"6a02cba08000813e";"en";"0000000000000000";"";"cms_digidak_document";"0";"Component Version";"";"";"0";"0";"1";"0";"0000000000000000";"2";"";"r_component_label";"0";"0";"2";"";"0000000000000000";"0";"0000000000000000";"0";"8";"";"1";"0";"0";"0";"";"0";"0";"";"2";"32";"";"0000000000000000"
"6a02cba08000813f";"en";"0000000000000000";"";"cms_digidak_document";"0";"Composite Version";"";"";"0";"0";"3";"0";"0000000000000000";"2";"";"r_composite_label";"0";"0";"2";"";"0000000000000000";"0";"0000000000000000";"0";"8";"";"1";"0";"0";"0";"";"0";"0";"";"2";"32";"";"0000000000000000"
"6a02cba080008140";"en";"0000000000000000";"";"cms_digidak_document";"0";"Composite IDs";"";"";"0";"0";"3";"0";"0000000000000000";"2";"";"r_composite_id";"0";"0";"2";"";"0000000000000000";"0";"0000000000000000";"0";"1";"";"1";"0";"0";"0";"";"0";"0";"";"3";"0";"";"0000000000000000"
"6a02cba080008141";"en";"0000000000000000";"";"cms_digidak_document";"0";"Parent Folder IDs";"";"";"0";"0";"1";"0";"0000000000000000";"2";"";"i_folder_id";"1";"0";"2";"";"0000000000000000";"0";"0000000000000000";"0";"1";"";"1";"0";"0";"1";"";"0";"0";"";"3";"0";"";"0000000000000000"
"6a02cba080008142";"en";"0000000000000000";"";"cms_digidak_document";"0";"In Folder";"";"";"0";"0";"1";"0";"0000000000000000";"2";"";"i_has_folder";"0";"0";"2";"";"0000000000000000";"0";"0000000000000000";"0";"1";"";"1";"0";"0";"1";"";"0";"0";"";"0";"0";"";"0000000000000000"
"6a02cba080008143";"en";"0000000000000000";"";"cms_digidak_document";"0";"Reference Count";"";"";"0";"0";"1";"0";"0000000000000000";"2";"";"i_reference_cnt";"1";"0";"2";"";"0000000000000000";"0";"0000000000000000";"0";"1";"";"1";"0";"0";"1";"";"0";"0";"";"1";"0";"";"0000000000000000"
"6a02cba080008144";"en";"0000000000000000";"";"cms_digidak_document";"0";"Link Resolved";"";"";"1";"0";"1";"0";"0000000000000000";"2";"";"a_link_resolved";"0";"0";"2";"";"0000000000000000";"0";"0000000000000000";"0";"1";"";"0";"0";"0";"0";"";"0";"0";"";"0";"0";"";"0000000000000000"
"6a02cba080008145";"en";"0000000000000000";"";"cms_digidak_document";"0";"Compound Architecture";"";"";"0";"0";"1";"0";"0000000000000000";"2";"";"a_compound_architecture";"1";"0";"2";"";"0000000000000000";"0";"0000000000000000";"0";"8";"";"0";"0";"0";"0";"";"0";"0";"";"2";"16";"";"0000000000000000"
"6a02cba080008146";"en";"0000000000000000";"";"cms_digidak_document";"0";"Archive";"";"";"0";"0";"1";"0";"0000000000000000";"2";"";"a_archive";"1";"0";"2";"";"0000000000000000";"0";"0000000000000000";"0";"1";"";"0";"0";"0";"0";"";"0";"0";"";"0";"0";"";"0000000000000000"
"6a02cba080008147";"en";"0000000000000000";"";"cms_digidak_document";"0";"Estimated Disposition";"";"";"1";"0";"1";"0";"0000000000000000";"2";"";"a_retention_date";"1";"0";"2";"";"0000000000000000";"0";"0000000000000000";"0";"1";"";"0";"0";"0";"0";"";"0";"0";"";"4";"0";"";"0000000000000000"
"6a02cba080008148";"en";"0000000000000000";"";"cms_digidak_document";"0";"Root Deleted";"";"";"0";"0";"1";"0";"0000000000000000";"2";"";"i_is_deleted";"1";"0";"2";"";"0000000000000000";"0";"0000000000000000";"0";"1";"";"1";"0";"0";"1";"";"0";"0";"";"0";"0";"";"0000000000000000"
"6a02cba080008149";"en";"0000000000000000";"";"cms_digidak_document";"0";"Hidden";"";"";"1";"0";"1";"0";"0000000000000000";"2";"";"a_is_hidden";"0";"0";"2";"";"0000000000000000";"0";"0000000000000000";"0";"1";"";"0";"0";"0";"0";"";"0";"0";"";"0";"0";"";"0000000000000000"
"6a02cba08000814a";"en";"0000000000000000";"";"cms_digidak_document";"0";"Accessed";"";"";"1";"0";"1";"0";"0000000000000000";"2";"";"r_access_date";"1";"0";"2";"";"0000000000000000";"0";"0000000000000000";"0";"1";"";"1";"0";"0";"0";"";"0";"0";"";"4";"0";"";"0000000000000000"
"6a02cba08000814b";"en";"0000000000000000";"";"cms_digidak_document";"0";"Modified By";"";"";"1";"0";"1";"0";"0000000000000000";"2";"";"r_modifier";"0";"0";"2";"";"0000000000000000";"0";"0000000000000000";"0";"8";"";"1";"0";"0";"0";"";"0";"0";"";"2";"255";"";"0000000000000000"
"6a02cba08000814c";"en";"0000000000000000";"";"cms_digidak_document";"0";"Modified";"";"";"1";"0";"1";"0";"0000000000000000";"2";"";"r_modify_date";"0";"0";"2";"";"0000000000000000";"0";"0000000000000000";"0";"1";"";"1";"0";"0";"0";"";"0";"0";"";"4";"0";"";"0000000000000000"
"6a02cba08000814d";"en";"0000000000000000";"";"cms_digidak_document";"0";"Created";"";"";"1";"0";"1";"0";"0000000000000000";"2";"";"r_creation_date";"0";"0";"2";"";"0000000000000000";"0";"0000000000000000";"0";"1";"";"1";"0";"0";"0";"";"0";"0";"";"4";"0";"";"0000000000000000"
"6a02cba08000814e";"en";"0000000000000000";"";"cms_digidak_document";"0";"Status";"";"";"0";"0";"1";"0";"0000000000000000";"2";"";"a_status";"0";"0";"2";"";"0000000000000000";"0";"0000000000000000";"0";"8";"";"0";"0";"0";"0";"";"0";"0";"";"2";"16";"";"0000000000000000"
"6a02cba08000814f";"en";"0000000000000000";"";"cms_digidak_document";"0";"Application Type";"";"";"0";"0";"2";"0";"0000000000000000";"2";"";"a_application_type";"0";"0";"2";"";"0000000000000000";"0";"0000000000000000";"0";"8";"";"0";"0";"0";"0";"";"0";"0";"";"2";"32";"";"0000000000000000"
"6a02cba080008150";"en";"0000000000000000";"";"cms_digidak_document";"0";"Keywords";"";"";"1";"0";"1";"0";"0000000000000000";"2";"";"keywords";"0";"0";"2";"";"0000000000000000";"0";"0000000000000000";"0";"8";"";"0";"0";"0";"0";"";"0";"0";"";"2";"48";"";"0000000000000000"
"6a02cba080008151";"en";"0000000000000000";"";"cms_digidak_document";"0";"Authors";"";"";"1";"0";"1";"0";"0000000000000000";"2";"";"authors";"0";"0";"2";"";"0000000000000000";"0";"0000000000000000";"0";"8";"";"0";"0";"0";"0";"";"0";"0";"";"2";"48";"";"0000000000000000"
"6a02cba080008152";"en";"0000000000000000";"";"cms_digidak_document";"0";"Subject";"";"";"1";"0";"1";"0";"0000000000000000";"2";"";"subject";"0";"0";"2";"";"0000000000000000";"0";"0000000000000000";"0";"8";"";"0";"0";"0";"0";"";"0";"0";"";"2";"192";"";"0000000000000000"
"6a02cba080008153";"en";"0000000000000000";"";"cms_digidak_document";"0";"Title";"";"";"1";"0";"1";"0";"0000000000000000";"2";"";"title";"0";"0";"2";"";"0000000000000000";"0";"0000000000000000";"0";"8";"";"0";"0";"0";"0";"";"0";"0";"";"2";"400";"";"0000000000000000"
"6a02cba080008154";"en";"0000000000000000";"";"cms_digidak_document";"0";"Type";"";"";"1";"0";"1";"0";"0000000000000000";"2";"";"r_object_type";"0";"0";"2";"";"0000000000000000";"0";"0000000000000000";"0";"8";"";"1";"0";"0";"0";"";"0";"0";"";"2";"32";"";"0000000000000000"
"6a02cba080008155";"en";"0000000000000000";"";"cms_digidak_document";"0";"Name";"";"";"1";"0";"1";"0";"0000000000000000";"2";"";"object_name";"0";"0";"2";"";"0000000000000000";"0";"0000000000000000";"0";"8";"";"0";"0";"0";"0";"";"0";"0";"";"2";"255";"";"0000000000000000"
"6a02cba080008156";"en";"0000000000000000";"";"cms_digidak_document";"0";"Object ID";"";"";"0";"0";"1";"0";"5902cba080000139";"2";"";"r_object_id";"0";"0";"2";"";"0000000000000000";"0";"0000000000000000";"0";"1";"";"1";"0";"0";"0";"";"0";"0";"";"3";"0";"";"0000000000000000"
"6a02cba080008157";"en";"0000000000000000";"";"cms_digidak_document";"0";"Document Type";"";"";"1";"0";"1";"0";"0000000000000000";"2";"";"document_type";"0";"0";"2";"";"0000000000000000";"0";"0000000000000000";"0";"8";"";"0";"0";"0";"0";"";"0";"0";"";"2";"1024";"";"0000000000000000"
"6a02cba080008158";"en";"0000000000000000";"";"cms_digidak_document";"0";"Uid Number";"";"";"1";"0";"1";"0";"0000000000000000";"2";"";"uid_number";"0";"0";"2";"";"0000000000000000";"0";"0000000000000000";"0";"8";"";"0";"0";"0";"0";"";"0";"0";"";"2";"1024";"";"0000000000000000"
"6a02cba080008159";"en";"0000000000000000";"";"cms_digidak_folder";"0";"Containing Folders";"";"";"0";"0";"1";"0";"0000000000000000";"2";"";"i_ancestor_id";"0";"0";"2";"";"0000000000000000";"0";"0000000000000000";"0";"1";"";"1";"0";"0";"1";"";"0";"0";"";"3";"0";"";"0000000000000000"
"6a02cba08000815a";"en";"0000000000000000";"";"cms_digidak_folder";"0";"Folder Path";"";"";"0";"0";"1";"0";"0000000000000000";"2";"";"r_folder_path";"0";"0";"2";"";"0000000000000000";"0";"0000000000000000";"0";"8";"";"1";"0";"0";"0";"";"0";"0";"";"2";"450";"";"0000000000000000"
"6a02cba08000815b";"en";"0000000000000000";"";"cms_digidak_folder";"0";"Version Stamp";"";"";"0";"0";"1";"0";"0000000000000000";"2";"";"i_vstamp";"1";"0";"2";"";"0000000000000000";"0";"0000000000000000";"0";"1";"";"1";"0";"0";"1";"";"0";"0";"";"1";"0";"";"0000000000000000"
"6a02cba08000815c";"en";"0000000000000000";"";"cms_digidak_folder";"0";"Is Replica";"";"";"1";"0";"1";"0";"0000000000000000";"2";"";"i_is_replica";"0";"0";"2";"";"0000000000000000";"0";"0000000000000000";"0";"1";"";"1";"0";"0";"1";"";"0";"0";"";"0";"0";"";"0000000000000000"
"6a02cba08000815d";"en";"0000000000000000";"";"cms_digidak_folder";"0";"Partition Number";"";"";"1";"0";"1";"0";"0000000000000000";"2";"";"i_partition";"0";"0";"2";"";"0000000000000000";"0";"0000000000000000";"0";"1";"";"1";"0";"0";"1";"";"0";"0";"";"1";"0";"";"0000000000000000"
"6a02cba08000815e";"en";"0000000000000000";"";"cms_digidak_folder";"0";"Retainer ID";"";"";"1";"0";"1";"0";"0000000000000000";"2";"";"i_retainer_id";"0";"0";"2";"";"0000000000000000";"0";"0000000000000000";"0";"1";"";"1";"0";"0";"1";"";"0";"0";"";"3";"0";"";"0000000000000000"
"6a02cba08000815f";"en";"0000000000000000";"";"cms_digidak_folder";"0";"Aspect Name";"";"";"0";"0";"1";"0";"0000000000000000";"2";"";"r_aspect_name";"0";"0";"2";"";"0000000000000000";"0";"0000000000000000";"0";"8";"";"1";"0";"0";"0";"";"0";"0";"";"2";"64";"";"0000000000000000"
"6a02cba080008160";"en";"0000000000000000";"";"cms_digidak_folder";"0";"Retain Content Until";"";"";"1";"0";"1";"0";"0000000000000000";"2";"";"i_retain_until";"0";"0";"2";"";"0000000000000000";"0";"0000000000000000";"0";"1";"";"1";"0";"0";"0";"";"0";"0";"";"4";"0";"";"0000000000000000"
"6a02cba080008161";"en";"0000000000000000";"";"cms_digidak_folder";"0";"Last Review Date";"";"";"1";"0";"1";"0";"0000000000000000";"2";"";"a_last_review_date";"0";"0";"2";"";"0000000000000000";"0";"0000000000000000";"0";"1";"";"0";"0";"0";"0";"";"0";"0";"";"4";"0";"";"0000000000000000"
"6a02cba080008162";"en";"0000000000000000";"";"cms_digidak_folder";"0";"Is Signed";"";"";"1";"0";"1";"0";"0000000000000000";"2";"";"a_is_signed";"0";"0";"2";"";"0000000000000000";"0";"0000000000000000";"0";"1";"";"0";"0";"0";"0";"";"0";"0";"";"0";"0";"";"0000000000000000"
"6a02cba080008163";"en";"0000000000000000";"";"cms_digidak_folder";"0";"Extended Properties";"";"";"1";"0";"1";"0";"0000000000000000";"2";"";"a_extended_properties";"0";"0";"2";"";"0000000000000000";"0";"0000000000000000";"0";"8";"";"0";"0";"0";"0";"";"0";"0";"";"2";"32";"";"0000000000000000"
"6a02cba080008164";"en";"0000000000000000";"";"cms_digidak_folder";"0";"Full Content Size";"";"";"1";"0";"1";"0";"0000000000000000";"2";"";"r_full_content_size";"0";"0";"2";"";"0000000000000000";"0";"0000000000000000";"0";"1";"";"1";"0";"0";"0";"";"0";"0";"";"5";"0";"";"0000000000000000"
"6a02cba080008165";"en";"0000000000000000";"";"cms_digidak_folder";"0";"Controlling Application";"";"";"1";"0";"1";"0";"0000000000000000";"2";"";"a_controlling_app";"0";"0";"2";"";"0000000000000000";"0";"0000000000000000";"0";"8";"";"0";"0";"0";"0";"";"0";"0";"";"2";"32";"";"0000000000000000"
"6a02cba080008166";"en";"0000000000000000";"";"cms_digidak_folder";"0";"Template";"";"";"1";"0";"1";"0";"0000000000000000";"2";"";"a_is_template";"0";"0";"2";"";"0000000000000000";"0";"0000000000000000";"0";"1";"";"0";"0";"0";"0";"";"0";"0";"";"0";"0";"";"0000000000000000"
"6a02cba080008167";"en";"0000000000000000";"";"cms_digidak_folder";"0";"Language Code";"";"";"1";"0";"1";"0";"0000000000000000";"2";"";"language_code";"0";"0";"2";"";"0000000000000000";"0";"0000000000000000";"0";"8";"";"0";"0";"0";"0";"";"0";"0";"";"2";"5";"";"0000000000000000"
"6a02cba080008168";"en";"0000000000000000";"";"cms_digidak_folder";"0";"Category";"";"";"1";"0";"1";"0";"0000000000000000";"2";"";"a_category";"0";"0";"2";"";"0000000000000000";"0";"0000000000000000";"0";"8";"";"0";"0";"0";"0";"";"0";"0";"";"2";"64";"";"0000000000000000"
"6a02cba080008169";"en";"0000000000000000";"";"cms_digidak_folder";"0";"Effective Flag";"";"";"1";"0";"1";"0";"0000000000000000";"2";"";"a_effective_flag";"0";"0";"2";"";"0000000000000000";"0";"0000000000000000";"0";"8";"";"0";"0";"0";"0";"";"0";"0";"";"2";"8";"";"0000000000000000"
"6a02cba08000816a";"en";"0000000000000000";"";"cms_digidak_folder";"0";"Effective Label";"";"";"1";"0";"1";"0";"0000000000000000";"2";"";"a_effective_label";"0";"0";"2";"";"0000000000000000";"0";"0000000000000000";"0";"8";"";"0";"0";"0";"0";"";"0";"0";"";"2";"32";"";"0000000000000000"
"6a02cba08000816b";"en";"0000000000000000";"";"cms_digidak_folder";"0";"Publish Formats";"";"";"1";"0";"1";"0";"0000000000000000";"2";"";"a_publish_formats";"0";"0";"2";"";"0000000000000000";"0";"0000000000000000";"0";"8";"";"0";"0";"0";"0";"";"0";"0";"";"2";"32";"";"0000000000000000"
"6a02cba08000816c";"en";"0000000000000000";"";"cms_digidak_folder";"0";"Expiration Date";"";"";"1";"0";"1";"0";"0000000000000000";"2";"";"a_expiration_date";"0";"0";"2";"";"0000000000000000";"0";"0000000000000000";"0";"1";"";"0";"0";"0";"0";"";"0";"0";"";"4";"0";"";"0000000000000000"
"6a02cba08000816d";"en";"0000000000000000";"";"cms_digidak_folder";"0";"Effective Date";"";"";"1";"0";"1";"0";"0000000000000000";"2";"";"a_effective_date";"0";"0";"2";"";"0000000000000000";"0";"0000000000000000";"0";"1";"";"0";"0";"0";"0";"";"0";"0";"";"4";"0";"";"0000000000000000"
"6a02cba08000816e";"en";"0000000000000000";"";"cms_digidak_folder";"0";"Alias Set";"";"";"1";"0";"1";"0";"0000000000000000";"2";"";"r_alias_set_id";"0";"0";"2";"";"0000000000000000";"0";"0000000000000000";"0";"1";"";"1";"0";"0";"0";"";"0";"0";"";"3";"0";"";"0000000000000000"
"6a02cba08000816f";"en";"0000000000000000";"";"cms_digidak_folder";"0";"Current State";"";"";"1";"0";"1";"0";"0000000000000000";"2";"";"r_current_state";"1";"0";"2";"";"0000000000000000";"0";"0000000000000000";"0";"1";"";"1";"0";"0";"0";"";"0";"0";"";"1";"0";"";"0000000000000000"
"6a02cba080008170";"en";"0000000000000000";"";"cms_digidak_folder";"0";"Resume to state";"";"";"1";"0";"1";"0";"0000000000000000";"2";"";"r_resume_state";"1";"0";"2";"";"0000000000000000";"0";"0000000000000000";"0";"1";"";"1";"0";"0";"0";"";"0";"0";"";"1";"0";"";"0000000000000000"
"6a02cba080008171";"en";"0000000000000000";"";"cms_digidak_folder";"0";"Lifecycle ID";"";"";"0";"0";"1";"0";"0000000000000000";"2";"";"r_policy_id";"1";"0";"2";"";"0000000000000000";"0";"0000000000000000";"0";"1";"";"1";"0";"0";"0";"";"0";"0";"";"3";"0";"";"0000000000000000"
"6a02cba080008172";"en";"0000000000000000";"";"cms_digidak_folder";"0";"Public";"";"";"1";"0";"1";"0";"0000000000000000";"2";"";"r_is_public";"0";"0";"2";"";"0000000000000000";"0";"0000000000000000";"0";"1";"";"1";"0";"0";"0";"";"0";"0";"";"0";"0";"";"0000000000000000"
"6a02cba080008173";"en";"0000000000000000";"";"cms_digidak_folder";"0";"Creator Name";"";"";"1";"0";"1";"0";"0000000000000000";"2";"";"r_creator_name";"0";"0";"2";"";"0000000000000000";"0";"0000000000000000";"0";"8";"";"1";"0";"0";"0";"";"0";"0";"";"2";"255";"";"0000000000000000"
"6a02cba080008174";"en";"0000000000000000";"";"cms_digidak_folder";"0";"Reference";"";"";"1";"0";"1";"0";"0000000000000000";"2";"";"i_is_reference";"0";"0";"2";"";"0000000000000000";"0";"0000000000000000";"0";"1";"";"1";"0";"0";"1";"";"0";"0";"";"0";"0";"";"0000000000000000"
"6a02cba080008175";"en";"0000000000000000";"";"cms_digidak_folder";"0";"Special Application";"";"";"0";"0";"1";"0";"0000000000000000";"2";"";"a_special_app";"1";"0";"2";"";"0000000000000000";"0";"0000000000000000";"0";"8";"";"0";"0";"0";"0";"";"0";"0";"";"2";"32";"";"0000000000000000"
"6a02cba080008176";"en";"0000000000000000";"";"cms_digidak_folder";"0";"ACL Name";"";"";"0";"0";"1";"0";"0000000000000000";"2";"";"acl_name";"1";"0";"2";"";"0000000000000000";"0";"0000000000000000";"0";"8";"";"0";"0";"0";"0";"";"0";"0";"";"2";"32";"";"0000000000000000"
"6a02cba080008177";"en";"0000000000000000";"";"cms_digidak_folder";"0";"ACL Domain";"";"";"0";"0";"1";"0";"0000000000000000";"2";"";"acl_domain";"1";"0";"2";"";"0000000000000000";"0";"0000000000000000";"0";"8";"";"0";"0";"0";"0";"";"0";"0";"";"2";"255";"";"0000000000000000"
"6a02cba080008178";"en";"0000000000000000";"";"cms_digidak_folder";"0";"Has Events";"";"";"1";"0";"1";"0";"0000000000000000";"2";"";"r_has_events";"0";"0";"2";"";"0000000000000000";"0";"0000000000000000";"0";"1";"";"1";"0";"0";"0";"";"0";"0";"";"0";"0";"";"0000000000000000"
"6a02cba080008179";"en";"0000000000000000";"";"cms_digidak_folder";"0";"Frozen";"";"";"0";"0";"1";"0";"0000000000000000";"2";"";"r_frozen_flag";"1";"0";"2";"";"0000000000000000";"0";"0000000000000000";"0";"1";"";"1";"0";"0";"0";"";"0";"0";"";"0";"0";"";"0000000000000000"
"6a02cba08000817a";"en";"0000000000000000";"";"cms_digidak_folder";"0";"Is Immutable";"";"";"0";"0";"1";"0";"0000000000000000";"2";"";"r_immutable_flag";"1";"0";"2";"";"0000000000000000";"0";"0000000000000000";"0";"1";"";"1";"0";"0";"0";"";"0";"0";"";"0";"0";"";"0000000000000000"
"6a02cba08000817b";"en";"0000000000000000";"";"cms_digidak_folder";"0";"Has Versions";"";"";"1";"0";"1";"0";"0000000000000000";"2";"";"i_direct_dsc";"0";"0";"2";"";"0000000000000000";"0";"0000000000000000";"0";"1";"";"1";"0";"0";"1";"";"0";"0";"";"0";"0";"";"0000000000000000"
"6a02cba08000817c";"en";"0000000000000000";"";"cms_digidak_folder";"0";"Branch Count";"";"";"1";"0";"1";"0";"0000000000000000";"2";"";"i_branch_cnt";"0";"0";"2";"";"0000000000000000";"0";"0000000000000000";"0";"1";"";"1";"0";"0";"1";"";"0";"0";"";"1";"0";"";"0000000000000000"
"6a02cba08000817d";"en";"0000000000000000";"";"cms_digidak_folder";"0";"Version Label";"";"";"1";"0";"1";"0";"0000000000000000";"2";"";"r_version_label";"0";"0";"2";"";"0000000000000000";"0";"0000000000000000";"0";"8";"";"1";"0";"0";"0";"";"0";"0";"";"2";"32";"";"0000000000000000"
"6a02cba08000817e";"en";"0000000000000000";"";"cms_digidak_folder";"0";"User Comments";"";"";"1";"0";"1";"0";"0000000000000000";"2";"";"log_entry";"0";"0";"2";"";"0000000000000000";"0";"0000000000000000";"0";"8";"";"0";"0";"0";"0";"";"0";"0";"";"2";"120";"";"0000000000000000"
"6a02cba08000817f";"en";"0000000000000000";"";"cms_digidak_folder";"0";"Lock Owner's Host";"";"";"1";"0";"1";"0";"0000000000000000";"2";"";"r_lock_machine";"0";"0";"2";"";"0000000000000000";"0";"0000000000000000";"0";"8";"";"1";"0";"0";"0";"";"0";"0";"";"2";"80";"";"0000000000000000"
"6a02cba080008180";"en";"0000000000000000";"";"cms_digidak_folder";"0";"Checkout Date";"";"";"1";"0";"1";"0";"0000000000000000";"2";"";"r_lock_date";"0";"0";"2";"";"0000000000000000";"0";"0000000000000000";"0";"1";"";"1";"0";"0";"0";"";"0";"0";"";"4";"0";"";"0000000000000000"
"6a02cba080008181";"en";"0000000000000000";"";"cms_digidak_folder";"0";"Checked Out By";"";"";"1";"0";"1";"0";"0000000000000000";"2";"";"r_lock_owner";"0";"0";"2";"";"0000000000000000";"0";"0000000000000000";"0";"8";"";"1";"0";"0";"0";"";"0";"0";"";"2";"255";"";"0000000000000000"
"6a02cba080008182";"en";"0000000000000000";"";"cms_digidak_folder";"0";"Latest Version on Branch";"";"";"1";"0";"1";"0";"0000000000000000";"2";"";"i_latest_flag";"0";"0";"2";"";"0000000000000000";"0";"0000000000000000";"0";"1";"";"1";"0";"0";"1";"";"0";"0";"";"0";"0";"";"0000000000000000"
"6a02cba080008183";"en";"0000000000000000";"";"cms_digidak_folder";"0";"Version Tree Root Object";"";"";"0";"0";"1";"0";"0000000000000000";"2";"";"i_chronicle_id";"0";"0";"2";"";"0000000000000000";"0";"0000000000000000";"0";"1";"";"1";"0";"0";"1";"";"0";"0";"";"3";"0";"";"0000000000000000"
"6a02cba080008184";"en";"0000000000000000";"";"cms_digidak_folder";"0";"Parent Version";"";"";"0";"0";"1";"0";"0000000000000000";"2";"";"i_antecedent_id";"0";"0";"2";"";"0000000000000000";"0";"0000000000000000";"0";"1";"";"1";"0";"0";"1";"";"0";"0";"";"3";"0";"";"0000000000000000"
"6a02cba080008185";"en";"0000000000000000";"";"cms_digidak_folder";"0";"World Permissions";"";"";"1";"0";"1";"0";"0000000000000000";"2";"";"world_permit";"1";"0";"2";"";"0000000000000000";"0";"0000000000000000";"0";"1";"";"0";"0";"0";"0";"";"0";"0";"";"1";"0";"";"0000000000000000"
"6a02cba080008186";"en";"0000000000000000";"";"cms_digidak_folder";"0";"Group Permit";"";"";"1";"0";"1";"0";"0000000000000000";"2";"";"group_permit";"1";"0";"2";"";"0000000000000000";"0";"0000000000000000";"0";"1";"";"0";"0";"0";"0";"";"0";"0";"";"1";"0";"";"0000000000000000"
"6a02cba080008187";"en";"0000000000000000";"";"cms_digidak_folder";"0";"Group Name";"";"";"1";"0";"1";"0";"0000000000000000";"2";"";"group_name";"1";"0";"2";"";"0000000000000000";"0";"0000000000000000";"0";"8";"";"0";"0";"0";"0";"";"0";"0";"";"2";"255";"";"0000000000000000"
"6a02cba080008188";"en";"0000000000000000";"";"cms_digidak_folder";"0";"Owner Permission";"";"";"1";"0";"1";"0";"0000000000000000";"2";"";"owner_permit";"1";"0";"2";"";"0000000000000000";"0";"0000000000000000";"0";"1";"";"0";"0";"0";"0";"";"0";"0";"";"1";"0";"";"0000000000000000"
"6a02cba080008189";"en";"0000000000000000";"";"cms_digidak_folder";"0";"Owner Name";"";"";"1";"0";"1";"0";"0000000000000000";"2";"";"owner_name";"1";"0";"2";"";"0000000000000000";"0";"0000000000000000";"0";"8";"";"0";"0";"0";"0";"";"0";"0";"";"2";"255";"";"0000000000000000"
"6a02cba08000818a";"en";"0000000000000000";"";"cms_digidak_folder";"0";"Primary Cabinet";"";"";"0";"0";"1";"0";"0000000000000000";"2";"";"i_cabinet_id";"0";"0";"2";"";"0000000000000000";"0";"0000000000000000";"0";"1";"";"1";"0";"0";"1";"";"0";"0";"";"3";"0";"";"0000000000000000"
"6a02cba08000818b";"en";"0000000000000000";"";"cms_digidak_folder";"0";"Storage Type";"";"";"0";"0";"1";"0";"0000000000000000";"2";"";"a_storage_type";"1";"0";"2";"";"0000000000000000";"0";"0000000000000000";"0";"8";"";"0";"0";"0";"0";"";"0";"0";"";"2";"64";"";"0000000000000000"
"6a02cba08000818c";"en";"0000000000000000";"";"cms_digidak_folder";"0";"Full Text Indexed";"";"";"1";"0";"1";"0";"0000000000000000";"2";"";"a_full_text";"0";"0";"2";"";"0000000000000000";"0";"0000000000000000";"0";"1";"";"0";"0";"0";"0";"";"0";"0";"";"0";"0";"";"0000000000000000"
"6a02cba08000818d";"en";"0000000000000000";"";"cms_digidak_folder";"0";"Size";"";"";"1";"0";"1";"0";"0000000000000000";"2";"";"r_content_size";"0";"0";"2";"";"0000000000000000";"0";"0000000000000000";"0";"1";"";"1";"0";"0";"0";"";"0";"0";"";"1";"0";"";"0000000000000000"
"6a02cba08000818e";"en";"0000000000000000";"";"cms_digidak_folder";"0";"Content File Count";"";"";"0";"0";"1";"0";"0000000000000000";"2";"";"r_page_cnt";"0";"0";"2";"";"0000000000000000";"0";"0000000000000000";"0";"1";"";"1";"0";"0";"0";"";"0";"0";"";"1";"0";"";"0000000000000000"
"6a02cba08000818f";"en";"0000000000000000";"";"cms_digidak_folder";"0";"Format";"";"";"1";"0";"1";"0";"0000000000000000";"2";"";"a_content_type";"0";"0";"2";"";"0000000000000000";"0";"0000000000000000";"0";"8";"";"0";"0";"0";"0";"";"0";"0";"";"2";"32";"";"0000000000000000"
"6a02cba080008190";"en";"0000000000000000";"";"cms_digidak_folder";"0";"Content ID";"";"";"0";"0";"1";"0";"0000000000000000";"2";"";"i_contents_id";"0";"0";"2";"";"0000000000000000";"0";"0000000000000000";"0";"1";"";"1";"0";"0";"1";"";"0";"0";"";"3";"0";"";"0000000000000000"
"6a02cba080008191";"en";"0000000000000000";"";"cms_digidak_folder";"0";"Virtual Document";"";"";"1";"0";"1";"0";"0000000000000000";"2";"";"r_is_virtual_doc";"0";"0";"2";"";"0000000000000000";"0";"0000000000000000";"0";"1";"";"1";"0";"0";"0";"";"0";"0";"";"1";"0";"";"0000000000000000"
"6a02cba080008192";"en";"0000000000000000";"";"cms_digidak_folder";"0";"Resolution Version";"";"";"0";"0";"1";"0";"0000000000000000";"2";"";"resolution_label";"0";"0";"2";"";"0000000000000000";"0";"0000000000000000";"0";"8";"";"0";"0";"0";"0";"";"0";"0";"";"2";"32";"";"0000000000000000"
"6a02cba080008193";"en";"0000000000000000";"";"cms_digidak_folder";"0";"Has Frozen Assembly";"";"";"1";"0";"1";"0";"0000000000000000";"2";"";"r_has_frzn_assembly";"0";"0";"2";"";"0000000000000000";"0";"0000000000000000";"0";"1";"";"1";"0";"0";"0";"";"0";"0";"";"0";"0";"";"0000000000000000"
"6a02cba080008194";"en";"0000000000000000";"";"cms_digidak_folder";"0";"Frozen Assembly Count";"";"";"0";"0";"1";"0";"0000000000000000";"2";"";"r_frzn_assembly_cnt";"1";"0";"2";"";"0000000000000000";"0";"0000000000000000";"0";"1";"";"1";"0";"0";"0";"";"0";"0";"";"1";"0";"";"0000000000000000"
"6a02cba080008195";"en";"0000000000000000";"";"cms_digidak_folder";"0";"Assembled From";"";"";"0";"0";"1";"0";"0000000000000000";"2";"";"r_assembled_from_id";"0";"0";"2";"";"0000000000000000";"0";"0000000000000000";"0";"1";"";"1";"0";"0";"0";"";"0";"0";"";"3";"0";"";"0000000000000000"
"6a02cba080008196";"en";"0000000000000000";"";"cms_digidak_folder";"0";"Maximum Link Count";"";"";"0";"0";"1";"0";"0000000000000000";"2";"";"r_link_high_cnt";"0";"0";"2";"";"0000000000000000";"0";"0000000000000000";"0";"1";"";"1";"0";"0";"0";"";"0";"0";"";"1";"0";"";"0000000000000000"
"6a02cba080008197";"en";"0000000000000000";"";"cms_digidak_folder";"0";"Link Count";"";"";"1";"0";"1";"0";"0000000000000000";"2";"";"r_link_cnt";"0";"0";"2";"";"0000000000000000";"0";"0000000000000000";"0";"1";"";"1";"0";"0";"0";"";"0";"0";"";"1";"0";"";"0000000000000000"
"6a02cba080008198";"en";"0000000000000000";"";"cms_digidak_folder";"0";"Position";"";"";"0";"0";"1";"0";"0000000000000000";"2";"";"r_order_no";"0";"0";"2";"";"0000000000000000";"0";"0000000000000000";"0";"1";"";"1";"0";"0";"0";"";"0";"0";"";"1";"0";"";"0000000000000000"
"6a02cba080008199";"en";"0000000000000000";"";"cms_digidak_folder";"0";"Component Version";"";"";"0";"0";"1";"0";"0000000000000000";"2";"";"r_component_label";"0";"0";"2";"";"0000000000000000";"0";"0000000000000000";"0";"8";"";"1";"0";"0";"0";"";"0";"0";"";"2";"32";"";"0000000000000000"
"6a02cba08000819a";"en";"0000000000000000";"";"cms_digidak_folder";"0";"Composite Version";"";"";"0";"0";"3";"0";"0000000000000000";"2";"";"r_composite_label";"0";"0";"2";"";"0000000000000000";"0";"0000000000000000";"0";"8";"";"1";"0";"0";"0";"";"0";"0";"";"2";"32";"";"0000000000000000"
"6a02cba08000819b";"en";"0000000000000000";"";"cms_digidak_folder";"0";"Composite IDs";"";"";"0";"0";"3";"0";"0000000000000000";"2";"";"r_composite_id";"0";"0";"2";"";"0000000000000000";"0";"0000000000000000";"0";"1";"";"1";"0";"0";"0";"";"0";"0";"";"3";"0";"";"0000000000000000"
"6a02cba08000819c";"en";"0000000000000000";"";"cms_digidak_folder";"0";"Parent Folder IDs";"";"";"0";"0";"1";"0";"0000000000000000";"2";"";"i_folder_id";"1";"0";"2";"";"0000000000000000";"0";"0000000000000000";"0";"1";"";"1";"0";"0";"1";"";"0";"0";"";"3";"0";"";"0000000000000000"
"6a02cba08000819d";"en";"0000000000000000";"";"cms_digidak_folder";"0";"In Folder";"";"";"0";"0";"1";"0";"0000000000000000";"2";"";"i_has_folder";"0";"0";"2";"";"0000000000000000";"0";"0000000000000000";"0";"1";"";"1";"0";"0";"1";"";"0";"0";"";"0";"0";"";"0000000000000000"
"6a02cba08000819e";"en";"0000000000000000";"";"cms_digidak_folder";"0";"Reference Count";"";"";"0";"0";"1";"0";"0000000000000000";"2";"";"i_reference_cnt";"1";"0";"2";"";"0000000000000000";"0";"0000000000000000";"0";"1";"";"1";"0";"0";"1";"";"0";"0";"";"1";"0";"";"0000000000000000"
"6a02cba08000819f";"en";"0000000000000000";"";"cms_digidak_folder";"0";"Link Resolved";"";"";"1";"0";"1";"0";"0000000000000000";"2";"";"a_link_resolved";"0";"0";"2";"";"0000000000000000";"0";"0000000000000000";"0";"1";"";"0";"0";"0";"0";"";"0";"0";"";"0";"0";"";"0000000000000000"
"6a02cba0800081a0";"en";"0000000000000000";"";"cms_digidak_folder";"0";"Compound Architecture";"";"";"0";"0";"1";"0";"0000000000000000";"2";"";"a_compound_architecture";"1";"0";"2";"";"0000000000000000";"0";"0000000000000000";"0";"8";"";"0";"0";"0";"0";"";"0";"0";"";"2";"16";"";"0000000000000000"
"6a02cba0800081a1";"en";"0000000000000000";"";"cms_digidak_folder";"0";"Archive";"";"";"0";"0";"1";"0";"0000000000000000";"2";"";"a_archive";"1";"0";"2";"";"0000000000000000";"0";"0000000000000000";"0";"1";"";"0";"0";"0";"0";"";"0";"0";"";"0";"0";"";"0000000000000000"
"6a02cba0800081a2";"en";"0000000000000000";"";"cms_digidak_folder";"0";"Estimated Disposition";"";"";"1";"0";"1";"0";"0000000000000000";"2";"";"a_retention_date";"1";"0";"2";"";"0000000000000000";"0";"0000000000000000";"0";"1";"";"0";"0";"0";"0";"";"0";"0";"";"4";"0";"";"0000000000000000"
"6a02cba0800081a3";"en";"0000000000000000";"";"cms_digidak_folder";"0";"Root Deleted";"";"";"0";"0";"1";"0";"0000000000000000";"2";"";"i_is_deleted";"1";"0";"2";"";"0000000000000000";"0";"0000000000000000";"0";"1";"";"1";"0";"0";"1";"";"0";"0";"";"0";"0";"";"0000000000000000"
"6a02cba0800081a4";"en";"0000000000000000";"";"cms_digidak_folder";"0";"Hidden";"";"";"1";"0";"1";"0";"0000000000000000";"2";"";"a_is_hidden";"0";"0";"2";"";"0000000000000000";"0";"0000000000000000";"0";"1";"";"0";"0";"0";"0";"";"0";"0";"";"0";"0";"";"0000000000000000"
"6a02cba0800081a5";"en";"0000000000000000";"";"cms_digidak_folder";"0";"Accessed";"";"";"1";"0";"1";"0";"0000000000000000";"2";"";"r_access_date";"1";"0";"2";"";"0000000000000000";"0";"0000000000000000";"0";"1";"";"1";"0";"0";"0";"";"0";"0";"";"4";"0";"";"0000000000000000"
"6a02cba0800081a6";"en";"0000000000000000";"";"cms_digidak_folder";"0";"Modified By";"";"";"1";"0";"1";"0";"0000000000000000";"2";"";"r_modifier";"0";"0";"2";"";"0000000000000000";"0";"0000000000000000";"0";"8";"";"1";"0";"0";"0";"";"0";"0";"";"2";"255";"";"0000000000000000"
"6a02cba0800081a7";"en";"0000000000000000";"";"cms_digidak_folder";"0";"Modified";"";"";"1";"0";"1";"0";"0000000000000000";"2";"";"r_modify_date";"0";"0";"2";"";"0000000000000000";"0";"0000000000000000";"0";"1";"";"1";"0";"0";"0";"";"0";"0";"";"4";"0";"";"0000000000000000"
"6a02cba0800081a8";"en";"0000000000000000";"";"cms_digidak_folder";"0";"Created";"";"";"1";"0";"1";"0";"0000000000000000";"2";"";"r_creation_date";"0";"0";"2";"";"0000000000000000";"0";"0000000000000000";"0";"1";"";"1";"0";"0";"0";"";"0";"0";"";"4";"0";"";"0000000000000000"
"6a02cba0800081a9";"en";"0000000000000000";"";"cms_digidak_folder";"0";"Status";"";"";"0";"0";"1";"0";"0000000000000000";"2";"";"a_status";"0";"0";"2";"";"0000000000000000";"0";"0000000000000000";"0";"8";"";"0";"0";"0";"0";"";"0";"0";"";"2";"16";"";"0000000000000000"
"6a02cba0800081aa";"en";"0000000000000000";"";"cms_digidak_folder";"0";"Application Type";"";"";"0";"0";"2";"0";"0000000000000000";"2";"";"a_application_type";"0";"0";"2";"";"0000000000000000";"0";"0000000000000000";"0";"8";"";"0";"0";"0";"0";"";"0";"0";"";"2";"32";"";"0000000000000000"
"6a02cba0800081ab";"en";"0000000000000000";"";"cms_digidak_folder";"0";"Keywords";"";"";"1";"0";"1";"0";"0000000000000000";"2";"";"keywords";"0";"0";"2";"";"0000000000000000";"0";"0000000000000000";"0";"8";"";"0";"0";"0";"0";"";"0";"0";"";"2";"48";"";"0000000000000000"
"6a02cba0800081ac";"en";"0000000000000000";"";"cms_digidak_folder";"0";"Authors";"";"";"1";"0";"1";"0";"0000000000000000";"2";"";"authors";"0";"0";"2";"";"0000000000000000";"0";"0000000000000000";"0";"8";"";"0";"0";"0";"0";"";"0";"0";"";"2";"48";"";"0000000000000000"
"6a02cba0800081ad";"en";"0000000000000000";"";"cms_digidak_folder";"0";"Subject";"";"";"1";"0";"1";"0";"0000000000000000";"2";"";"subject";"0";"0";"2";"";"0000000000000000";"0";"0000000000000000";"0";"8";"";"0";"0";"0";"0";"";"0";"0";"";"2";"192";"";"0000000000000000"
"6a02cba0800081ae";"en";"0000000000000000";"";"cms_digidak_folder";"0";"Title";"";"";"1";"0";"1";"0";"0000000000000000";"2";"";"title";"0";"0";"2";"";"0000000000000000";"0";"0000000000000000";"0";"8";"";"0";"0";"0";"0";"";"0";"0";"";"2";"400";"";"0000000000000000"
"6a02cba0800081af";"en";"0000000000000000";"";"cms_digidak_folder";"0";"Type";"";"";"1";"0";"1";"0";"0000000000000000";"2";"";"r_object_type";"0";"0";"2";"";"0000000000000000";"0";"0000000000000000";"0";"8";"";"1";"0";"0";"0";"";"0";"0";"";"2";"32";"";"0000000000000000"
"6a02cba0800081b0";"en";"0000000000000000";"";"cms_digidak_folder";"0";"Name";"";"";"1";"0";"1";"0";"0000000000000000";"2";"";"object_name";"0";"0";"2";"";"0000000000000000";"0";"0000000000000000";"0";"8";"";"0";"0";"0";"0";"";"0";"0";"";"2";"255";"";"0000000000000000"
"6a02cba0800081b1";"en";"0000000000000000";"";"cms_digidak_folder";"0";"Object ID";"";"";"0";"0";"1";"0";"5902cba080000139";"2";"";"r_object_id";"0";"0";"2";"";"0000000000000000";"0";"0000000000000000";"0";"1";"";"1";"0";"0";"0";"";"0";"0";"";"3";"0";"";"0000000000000000"
"6a02cba0800081b2";"en";"0000000000000000";"";"cms_digidak_folder";"0";"Workflow Groups";"";"";"1";"0";"1";"0";"0000000000000000";"2";"";"workflow_groups";"0";"0";"2";"";"0000000000000000";"0";"0000000000000000";"0";"8";"";"0";"0";"0";"0";"";"0";"0";"";"2";"1024";"";"0000000000000000"
"6a02cba0800081b3";"en";"0000000000000000";"";"cms_digidak_folder";"0";"Address of Sender";"";"";"1";"0";"1";"0";"0000000000000000";"2";"";"address_of_sender";"0";"0";"2";"";"0000000000000000";"0";"0000000000000000";"0";"8";"";"0";"0";"0";"0";"";"0";"0";"";"2";"1000";"";"0000000000000000"
"6a02cba0800081b4";"en";"0000000000000000";"";"cms_digidak_folder";"0";"Is Group";"";"";"1";"0";"1";"0";"0000000000000000";"2";"";"is_group";"0";"0";"2";"";"0000000000000000";"0";"0000000000000000";"0";"1";"";"0";"0";"0";"0";"";"0";"0";"";"0";"0";"";"0000000000000000"
"6a02cba0800081b5";"en";"0000000000000000";"";"cms_digidak_folder";"0";"Priority";"";"";"1";"0";"1";"0";"0000000000000000";"2";"";"priority";"0";"0";"2";"";"0000000000000000";"0";"0000000000000000";"0";"8";"";"0";"0";"0";"0";"";"0";"0";"";"2";"64";"";"0000000000000000"
"6a02cba0800081b6";"en";"0000000000000000";"";"cms_digidak_folder";"0";"State of Sender";"";"";"1";"0";"1";"0";"0000000000000000";"2";"";"state_of_sender";"0";"0";"2";"";"0000000000000000";"0";"0000000000000000";"0";"8";"";"0";"0";"0";"0";"";"0";"0";"";"2";"64";"";"0000000000000000"
"6a02cba0800081b7";"en";"0000000000000000";"";"cms_digidak_folder";"0";"Selected CGM Group";"";"";"1";"0";"1";"0";"0000000000000000";"2";"";"selected_cgm_group";"0";"0";"2";"";"0000000000000000";"0";"0000000000000000";"0";"8";"";"0";"0";"0";"0";"";"0";"0";"";"2";"100";"";"0000000000000000"
"6a02cba0800081b8";"en";"0000000000000000";"";"cms_digidak_folder";"0";"Type Category";"";"";"1";"0";"1";"0";"0000000000000000";"2";"";"type_category";"0";"0";"2";"";"0000000000000000";"0";"0000000000000000";"0";"8";"";"0";"0";"0";"0";"";"0";"0";"";"2";"64";"";"0000000000000000"
"6a02cba0800081b9";"en";"0000000000000000";"";"cms_digidak_folder";"0";"Decision";"";"";"1";"0";"1";"0";"0000000000000000";"2";"";"decision";"0";"0";"2";"";"0000000000000000";"0";"0000000000000000";"0";"8";"";"0";"0";"0";"0";"";"0";"0";"";"2";"64";"";"0000000000000000"
"6a02cba0800081ba";"en";"0000000000000000";"";"cms_digidak_folder";"0";"Languages";"";"";"1";"0";"1";"0";"0000000000000000";"2";"";"languages";"0";"0";"2";"";"0000000000000000";"0";"0000000000000000";"0";"8";"";"0";"0";"0";"0";"";"0";"0";"";"2";"64";"";"0000000000000000"
"6a02cba0800081bb";"en";"0000000000000000";"";"cms_digidak_folder";"0";"Inward Ref Number";"";"";"1";"0";"1";"0";"0000000000000000";"2";"";"inward_ref_number";"0";"0";"2";"";"0000000000000000";"0";"0000000000000000";"0";"8";"";"0";"0";"0";"0";"";"0";"0";"";"2";"200";"";"0000000000000000"
"6a02cba0800081bc";"en";"0000000000000000";"";"cms_digidak_folder";"0";"Letter Subject";"";"";"1";"0";"1";"0";"0000000000000000";"2";"";"letter_subject";"0";"0";"2";"";"0000000000000000";"0";"0000000000000000";"0";"8";"";"0";"0";"0";"0";"";"0";"0";"";"2";"1024";"";"0000000000000000"
"6a02cba0800081bd";"en";"0000000000000000";"";"cms_digidak_folder";"0";"Secrecy";"";"";"1";"0";"1";"0";"0000000000000000";"2";"";"secrecy";"0";"0";"2";"";"0000000000000000";"0";"0000000000000000";"0";"8";"";"0";"0";"0";"0";"";"0";"0";"";"2";"64";"";"0000000000000000"
"6a02cba0800081be";"en";"0000000000000000";"";"cms_digidak_folder";"0";"Received From";"";"";"1";"0";"1";"0";"0000000000000000";"2";"";"received_from";"0";"0";"2";"";"0000000000000000";"0";"0000000000000000";"0";"8";"";"0";"0";"0";"0";"";"0";"0";"";"2";"64";"";"0000000000000000"
"6a02cba0800081bf";"en";"0000000000000000";"";"cms_digidak_folder";"0";"Entry Date";"";"";"1";"0";"1";"0";"0000000000000000";"2";"";"entry_date";"0";"0";"2";"";"0000000000000000";"0";"0000000000000000";"0";"1";"";"0";"0";"0";"0";"";"0";"0";"";"4";"0";"";"0000000000000000"
"6a02cba0800081c0";"en";"0000000000000000";"";"cms_digidak_folder";"0";"Selected Region";"";"";"1";"0";"1";"0";"0000000000000000";"2";"";"selected_region";"0";"0";"2";"";"0000000000000000";"0";"0000000000000000";"0";"8";"";"0";"0";"0";"0";"";"0";"0";"";"2";"64";"";"0000000000000000"
"6a02cba0800081c1";"en";"0000000000000000";"";"cms_digidak_folder";"0";"Financial Year";"";"";"1";"0";"1";"0";"0000000000000000";"2";"";"financial_year";"0";"0";"2";"";"0000000000000000";"0";"0000000000000000";"0";"8";"";"0";"0";"0";"0";"";"0";"0";"";"2";"64";"";"0000000000000000"
"6a02cba0800081c2";"en";"0000000000000000";"";"cms_digidak_folder";"0";"Login Office Type";"";"";"1";"0";"1";"0";"0000000000000000";"2";"";"login_office_type";"0";"0";"2";"";"0000000000000000";"0";"0000000000000000";"0";"8";"";"0";"0";"0";"0";"";"0";"0";"";"2";"100";"";"0000000000000000"
"6a02cba0800081c3";"en";"0000000000000000";"";"cms_digidak_folder";"0";"Letter No";"";"";"1";"0";"1";"0";"0000000000000000";"2";"";"letter_no";"0";"0";"2";"";"0000000000000000";"0";"0000000000000000";"0";"8";"";"0";"0";"0";"0";"";"0";"0";"";"2";"1000";"";"0000000000000000"
"6a02cba0800081c4";"en";"0000000000000000";"";"cms_digidak_folder";"0";"Is Bulk Letter";"";"";"1";"0";"1";"0";"0000000000000000";"2";"";"is_bulk_letter";"0";"0";"2";"";"0000000000000000";"0";"0000000000000000";"0";"8";"";"0";"0";"0";"0";"";"0";"0";"";"2";"64";"";"0000000000000000"
"6a02cba0800081c5";"en";"0000000000000000";"";"cms_digidak_folder";"0";"Mode of Receipt";"";"";"1";"0";"1";"0";"0000000000000000";"2";"";"mode_of_receipt";"0";"0";"2";"";"0000000000000000";"0";"0000000000000000";"0";"8";"";"0";"0";"0";"0";"";"0";"0";"";"2";"64";"";"0000000000000000"
"6a02cba0800081c6";"en";"0000000000000000";"";"cms_digidak_folder";"0";"Status";"";"";"1";"0";"1";"0";"0000000000000000";"2";"";"status";"0";"0";"2";"";"0000000000000000";"0";"0000000000000000";"0";"8";"";"0";"0";"0";"0";"";"0";"0";"";"2";"64";"";"0000000000000000"
"6a02cba0800081c7";"en";"0000000000000000";"";"cms_digidak_folder";"0";"Region";"";"";"1";"0";"1";"0";"0000000000000000";"2";"";"region";"0";"0";"2";"";"0000000000000000";"0";"0000000000000000";"0";"8";"";"0";"0";"0";"0";"";"0";"0";"";"2";"100";"";"0000000000000000"
"6a02cba0800081c8";"en";"0000000000000000";"";"cms_digidak_folder";"0";"Entry Type";"";"";"1";"0";"1";"0";"0000000000000000";"2";"";"entry_type";"0";"0";"2";"";"0000000000000000";"0";"0000000000000000";"0";"8";"";"0";"0";"0";"0";"";"0";"0";"";"2";"64";"";"0000000000000000"
"6a02cba0800081c9";"en";"0000000000000000";"";"cms_digidak_folder";"0";"Login Region";"";"";"1";"0";"1";"0";"0000000000000000";"2";"";"login_region";"0";"0";"2";"";"0000000000000000";"0";"0000000000000000";"0";"8";"";"0";"0";"0";"0";"";"0";"0";"";"2";"64";"";"0000000000000000"
"6a02cba0800081ca";"en";"0000000000000000";"";"cms_digidak_folder";"0";"Uid Number";"";"";"1";"0";"1";"0";"0000000000000000";"2";"";"uid_number";"0";"0";"2";"";"0000000000000000";"0";"0000000000000000";"0";"8";"";"0";"0";"0";"0";"";"0";"0";"";"2";"1024";"";"0000000000000000"
"6a02cba080008900";"en";"0000000000000000";"";"cms_digidak_folder";"0";"Initiator";"";"";"1";"0";"1";"0";"0000000000000000";"2";"";"initiator";"0";"0";"2";"";"0000000000000000";"0";"0000000000000000";"0";"8";"";"0";"0";"0";"0";"";"0";"0";"";"2";"1000";"";"0000000000000000"
"6a02cba080008901";"en";"0000000000000000";"";"cms_digidak_folder";"0";"Vertical";"";"";"1";"0";"1";"0";"0000000000000000";"2";"";"vertical";"0";"0";"2";"";"0000000000000000";"0";"0000000000000000";"0";"8";"";"0";"0";"0";"0";"";"0";"0";"";"2";"1024";"";"0000000000000000"
"6a02cba080008902";"en";"0000000000000000";"";"cms_digidak_folder";"0";"Vertical Head";"";"";"1";"0";"1";"0";"0000000000000000";"2";"";"vertical_head";"0";"0";"2";"";"0000000000000000";"0";"0000000000000000";"0";"8";"";"0";"0";"0";"0";"";"0";"0";"";"2";"1024";"";"0000000000000000"
"6a02cba080008903";"en";"0000000000000000";"";"cms_digidak_folder";"0";"Vertical Users";"";"";"1";"0";"1";"0";"0000000000000000";"2";"";"vertical_users";"0";"0";"2";"";"0000000000000000";"0";"0000000000000000";"0";"8";"";"0";"0";"0";"0";"";"0";"0";"";"2";"1024";"";"0000000000000000"
"6a02cba080008d6a";"en";"0000000000000000";"";"cms_digidak_movement_re";"0";"Application Type";"";"";"0";"0";"2";"0";"0000000000000000";"2";"";"a_application_type";"0";"0";"2";"";"0000000000000000";"0";"0000000000000000";"0";"8";"";"0";"0";"0";"0";"";"0";"0";"";"2";"32";"";"0000000000000000"
"6a02cba080008d6b";"en";"0000000000000000";"";"cms_digidak_movement_re";"0";"Archive";"";"";"0";"0";"1";"0";"0000000000000000";"2";"";"a_archive";"1";"0";"2";"";"0000000000000000";"0";"0000000000000000";"0";"1";"";"0";"0";"0";"0";"";"0";"0";"";"0";"0";"";"0000000000000000"
"6a02cba080008d6c";"en";"0000000000000000";"";"cms_digidak_movement_re";"0";"Category";"";"";"1";"0";"1";"0";"0000000000000000";"2";"";"a_category";"0";"0";"2";"";"0000000000000000";"0";"0000000000000000";"0";"8";"";"0";"0";"0";"0";"";"0";"0";"";"2";"64";"";"0000000000000000"
"6a02cba080008d6d";"en";"0000000000000000";"";"cms_digidak_movement_re";"0";"Compound Architecture";"";"";"0";"0";"1";"0";"0000000000000000";"2";"";"a_compound_architecture";"1";"0";"2";"";"0000000000000000";"0";"0000000000000000";"0";"8";"";"0";"0";"0";"0";"";"0";"0";"";"2";"16";"";"0000000000000000"
"6a02cba080008d6e";"en";"0000000000000000";"";"cms_digidak_movement_re";"0";"Format";"";"";"1";"0";"1";"0";"0000000000000000";"2";"";"a_content_type";"0";"0";"2";"";"0000000000000000";"0";"0000000000000000";"0";"8";"";"0";"0";"0";"0";"";"0";"0";"";"2";"32";"";"0000000000000000"
"6a02cba080008d6f";"en";"0000000000000000";"";"cms_digidak_movement_re";"0";"Controlling Application";"";"";"1";"0";"1";"0";"0000000000000000";"2";"";"a_controlling_app";"0";"0";"2";"";"0000000000000000";"0";"0000000000000000";"0";"8";"";"0";"0";"0";"0";"";"0";"0";"";"2";"32";"";"0000000000000000"
"6a02cba080008d70";"en";"0000000000000000";"";"cms_digidak_movement_re";"0";"Effective Date";"";"";"1";"0";"1";"0";"0000000000000000";"2";"";"a_effective_date";"0";"0";"2";"";"0000000000000000";"0";"0000000000000000";"0";"1";"";"0";"0";"0";"0";"";"0";"0";"";"4";"0";"";"0000000000000000"
"6a02cba080008d71";"en";"0000000000000000";"";"cms_digidak_movement_re";"0";"Effective Flag";"";"";"1";"0";"1";"0";"0000000000000000";"2";"";"a_effective_flag";"0";"0";"2";"";"0000000000000000";"0";"0000000000000000";"0";"8";"";"0";"0";"0";"0";"";"0";"0";"";"2";"8";"";"0000000000000000"
"6a02cba080008d72";"en";"0000000000000000";"";"cms_digidak_movement_re";"0";"Effective Label";"";"";"1";"0";"1";"0";"0000000000000000";"2";"";"a_effective_label";"0";"0";"2";"";"0000000000000000";"0";"0000000000000000";"0";"8";"";"0";"0";"0";"0";"";"0";"0";"";"2";"32";"";"0000000000000000"
"6a02cba080008d73";"en";"0000000000000000";"";"cms_digidak_movement_re";"0";"Expiration Date";"";"";"1";"0";"1";"0";"0000000000000000";"2";"";"a_expiration_date";"0";"0";"2";"";"0000000000000000";"0";"0000000000000000";"0";"1";"";"0";"0";"0";"0";"";"0";"0";"";"4";"0";"";"0000000000000000"
"6a02cba080008d74";"en";"0000000000000000";"";"cms_digidak_movement_re";"0";"Extended Properties";"";"";"1";"0";"1";"0";"0000000000000000";"2";"";"a_extended_properties";"0";"0";"2";"";"0000000000000000";"0";"0000000000000000";"0";"8";"";"0";"0";"0";"0";"";"0";"0";"";"2";"32";"";"0000000000000000"
"6a02cba080008d75";"en";"0000000000000000";"";"cms_digidak_movement_re";"0";"Full Text Indexed";"";"";"1";"0";"1";"0";"0000000000000000";"2";"";"a_full_text";"0";"0";"2";"";"0000000000000000";"0";"0000000000000000";"0";"1";"";"0";"0";"0";"0";"";"0";"0";"";"0";"0";"";"0000000000000000"
"6a02cba080008d76";"en";"0000000000000000";"";"cms_digidak_movement_re";"0";"Hidden";"";"";"1";"0";"1";"0";"0000000000000000";"2";"";"a_is_hidden";"0";"0";"2";"";"0000000000000000";"0";"0000000000000000";"0";"1";"";"0";"0";"0";"0";"";"0";"0";"";"0";"0";"";"0000000000000000"
"6a02cba080008d77";"en";"0000000000000000";"";"cms_digidak_movement_re";"0";"Is Signed";"";"";"1";"0";"1";"0";"0000000000000000";"2";"";"a_is_signed";"0";"0";"2";"";"0000000000000000";"0";"0000000000000000";"0";"1";"";"0";"0";"0";"0";"";"0";"0";"";"0";"0";"";"0000000000000000"
"6a02cba080008d78";"en";"0000000000000000";"";"cms_digidak_movement_re";"0";"Template";"";"";"1";"0";"1";"0";"0000000000000000";"2";"";"a_is_template";"0";"0";"2";"";"0000000000000000";"0";"0000000000000000";"0";"1";"";"0";"0";"0";"0";"";"0";"0";"";"0";"0";"";"0000000000000000"
"6a02cba080008d79";"en";"0000000000000000";"";"cms_digidak_movement_re";"0";"Last Review Date";"";"";"1";"0";"1";"0";"0000000000000000";"2";"";"a_last_review_date";"0";"0";"2";"";"0000000000000000";"0";"0000000000000000";"0";"1";"";"0";"0";"0";"0";"";"0";"0";"";"4";"0";"";"0000000000000000"
"6a02cba080008d7a";"en";"0000000000000000";"";"cms_digidak_movement_re";"0";"Link Resolved";"";"";"1";"0";"1";"0";"0000000000000000";"2";"";"a_link_resolved";"0";"0";"2";"";"0000000000000000";"0";"0000000000000000";"0";"1";"";"0";"0";"0";"0";"";"0";"0";"";"0";"0";"";"0000000000000000"
"6a02cba080008d7b";"en";"0000000000000000";"";"cms_digidak_movement_re";"0";"Publish Formats";"";"";"1";"0";"1";"0";"0000000000000000";"2";"";"a_publish_formats";"0";"0";"2";"";"0000000000000000";"0";"0000000000000000";"0";"8";"";"0";"0";"0";"0";"";"0";"0";"";"2";"32";"";"0000000000000000"
"6a02cba080008d7c";"en";"0000000000000000";"";"cms_digidak_movement_re";"0";"Estimated Disposition";"";"";"1";"0";"1";"0";"0000000000000000";"2";"";"a_retention_date";"1";"0";"2";"";"0000000000000000";"0";"0000000000000000";"0";"1";"";"0";"0";"0";"0";"";"0";"0";"";"4";"0";"";"0000000000000000"
"6a02cba080008d7d";"en";"0000000000000000";"";"cms_digidak_movement_re";"0";"Special Application";"";"";"0";"0";"1";"0";"0000000000000000";"2";"";"a_special_app";"1";"0";"2";"";"0000000000000000";"0";"0000000000000000";"0";"8";"";"0";"0";"0";"0";"";"0";"0";"";"2";"32";"";"0000000000000000"
"6a02cba080008d7e";"en";"0000000000000000";"";"cms_digidak_movement_re";"0";"Status";"";"";"0";"0";"1";"0";"0000000000000000";"2";"";"a_status";"0";"0";"2";"";"0000000000000000";"0";"0000000000000000";"0";"8";"";"0";"0";"0";"0";"";"0";"0";"";"2";"16";"";"0000000000000000"
"6a02cba080008d7f";"en";"0000000000000000";"";"cms_digidak_movement_re";"0";"Storage Type";"";"";"0";"0";"1";"0";"0000000000000000";"2";"";"a_storage_type";"1";"0";"2";"";"0000000000000000";"0";"0000000000000000";"0";"8";"";"0";"0";"0";"0";"";"0";"0";"";"2";"64";"";"0000000000000000"
"6a02cba080008d80";"en";"0000000000000000";"";"cms_digidak_movement_re";"0";"ACL Domain";"";"";"0";"0";"1";"0";"0000000000000000";"2";"";"acl_domain";"1";"0";"2";"";"0000000000000000";"0";"0000000000000000";"0";"8";"";"0";"0";"0";"0";"";"0";"0";"";"2";"255";"";"0000000000000000"
"6a02cba080008d81";"en";"0000000000000000";"";"cms_digidak_movement_re";"0";"ACL Name";"";"";"0";"0";"1";"0";"0000000000000000";"2";"";"acl_name";"1";"0";"2";"";"0000000000000000";"0";"0000000000000000";"0";"8";"";"0";"0";"0";"0";"";"0";"0";"";"2";"32";"";"0000000000000000"
"6a02cba080008d82";"en";"0000000000000000";"";"cms_digidak_movement_re";"0";"Authors";"";"";"1";"0";"1";"0";"0000000000000000";"2";"";"authors";"0";"0";"2";"";"0000000000000000";"0";"0000000000000000";"0";"8";"";"0";"0";"0";"0";"";"0";"0";"";"2";"48";"";"0000000000000000"
"6a02cba080008d83";"en";"0000000000000000";"";"cms_digidak_movement_re";"0";"Group Name";"";"";"1";"0";"1";"0";"0000000000000000";"2";"";"group_name";"1";"0";"2";"";"0000000000000000";"0";"0000000000000000";"0";"8";"";"0";"0";"0";"0";"";"0";"0";"";"2";"255";"";"0000000000000000"
"6a02cba080008d84";"en";"0000000000000000";"";"cms_digidak_movement_re";"0";"Group Permit";"";"";"1";"0";"1";"0";"0000000000000000";"2";"";"group_permit";"1";"0";"2";"";"0000000000000000";"0";"0000000000000000";"0";"1";"";"0";"0";"0";"0";"";"0";"0";"";"1";"0";"";"0000000000000000"
"6a02cba080008d85";"en";"0000000000000000";"";"cms_digidak_movement_re";"0";"Parent Version";"";"";"0";"0";"1";"0";"0000000000000000";"2";"";"i_antecedent_id";"0";"0";"2";"";"0000000000000000";"0";"0000000000000000";"0";"1";"";"1";"0";"0";"1";"";"0";"0";"";"3";"0";"";"0000000000000000"
"6a02cba080008d86";"en";"0000000000000000";"";"cms_digidak_movement_re";"0";"Branch Count";"";"";"1";"0";"1";"0";"0000000000000000";"2";"";"i_branch_cnt";"0";"0";"2";"";"0000000000000000";"0";"0000000000000000";"0";"1";"";"1";"0";"0";"1";"";"0";"0";"";"1";"0";"";"0000000000000000"
"6a02cba080008d87";"en";"0000000000000000";"";"cms_digidak_movement_re";"0";"Primary Cabinet";"";"";"0";"0";"1";"0";"0000000000000000";"2";"";"i_cabinet_id";"0";"0";"2";"";"0000000000000000";"0";"0000000000000000";"0";"1";"";"1";"0";"0";"1";"";"0";"0";"";"3";"0";"";"0000000000000000"
"6a02cba080008d88";"en";"0000000000000000";"";"cms_digidak_movement_re";"0";"Version Tree Root Object";"";"";"0";"0";"1";"0";"0000000000000000";"2";"";"i_chronicle_id";"0";"0";"2";"";"0000000000000000";"0";"0000000000000000";"0";"1";"";"1";"0";"0";"1";"";"0";"0";"";"3";"0";"";"0000000000000000"
"6a02cba080008d89";"en";"0000000000000000";"";"cms_digidak_movement_re";"0";"Content ID";"";"";"0";"0";"1";"0";"0000000000000000";"2";"";"i_contents_id";"0";"0";"2";"";"0000000000000000";"0";"0000000000000000";"0";"1";"";"1";"0";"0";"1";"";"0";"0";"";"3";"0";"";"0000000000000000"
"6a02cba080008d8a";"en";"0000000000000000";"";"cms_digidak_movement_re";"0";"Has Versions";"";"";"1";"0";"1";"0";"0000000000000000";"2";"";"i_direct_dsc";"0";"0";"2";"";"0000000000000000";"0";"0000000000000000";"0";"1";"";"1";"0";"0";"1";"";"0";"0";"";"0";"0";"";"0000000000000000"
"6a02cba080008d8b";"en";"0000000000000000";"";"cms_digidak_movement_re";"0";"Parent Folder IDs";"";"";"0";"0";"1";"0";"0000000000000000";"2";"";"i_folder_id";"1";"0";"2";"";"0000000000000000";"0";"0000000000000000";"0";"1";"";"1";"0";"0";"1";"";"0";"0";"";"3";"0";"";"0000000000000000"
"6a02cba080008d8c";"en";"0000000000000000";"";"cms_digidak_movement_re";"0";"In Folder";"";"";"0";"0";"1";"0";"0000000000000000";"2";"";"i_has_folder";"0";"0";"2";"";"0000000000000000";"0";"0000000000000000";"0";"1";"";"1";"0";"0";"1";"";"0";"0";"";"0";"0";"";"0000000000000000"
"6a02cba080008d8d";"en";"0000000000000000";"";"cms_digidak_movement_re";"0";"Root Deleted";"";"";"0";"0";"1";"0";"0000000000000000";"2";"";"i_is_deleted";"1";"0";"2";"";"0000000000000000";"0";"0000000000000000";"0";"1";"";"1";"0";"0";"1";"";"0";"0";"";"0";"0";"";"0000000000000000"
"6a02cba080008d8e";"en";"0000000000000000";"";"cms_digidak_movement_re";"0";"Reference";"";"";"1";"0";"1";"0";"0000000000000000";"2";"";"i_is_reference";"0";"0";"2";"";"0000000000000000";"0";"0000000000000000";"0";"1";"";"1";"0";"0";"1";"";"0";"0";"";"0";"0";"";"0000000000000000"
"6a02cba080008d8f";"en";"0000000000000000";"";"cms_digidak_movement_re";"0";"Is Replica";"";"";"1";"0";"1";"0";"0000000000000000";"2";"";"i_is_replica";"0";"0";"2";"";"0000000000000000";"0";"0000000000000000";"0";"1";"";"1";"0";"0";"1";"";"0";"0";"";"0";"0";"";"0000000000000000"
"6a02cba080008d90";"en";"0000000000000000";"";"cms_digidak_movement_re";"0";"Latest Version on Branch";"";"";"1";"0";"1";"0";"0000000000000000";"2";"";"i_latest_flag";"0";"0";"2";"";"0000000000000000";"0";"0000000000000000";"0";"1";"";"1";"0";"0";"1";"";"0";"0";"";"0";"0";"";"0000000000000000"
"6a02cba080008d91";"en";"0000000000000000";"";"cms_digidak_movement_re";"0";"Partition Number";"";"";"1";"0";"1";"0";"0000000000000000";"2";"";"i_partition";"0";"0";"2";"";"0000000000000000";"0";"0000000000000000";"0";"1";"";"1";"0";"0";"1";"";"0";"0";"";"1";"0";"";"0000000000000000"
"6a02cba080008d92";"en";"0000000000000000";"";"cms_digidak_movement_re";"0";"Reference Count";"";"";"0";"0";"1";"0";"0000000000000000";"2";"";"i_reference_cnt";"1";"0";"2";"";"0000000000000000";"0";"0000000000000000";"0";"1";"";"1";"0";"0";"1";"";"0";"0";"";"1";"0";"";"0000000000000000"
"6a02cba080008d93";"en";"0000000000000000";"";"cms_digidak_movement_re";"0";"Retain Content Until";"";"";"1";"0";"1";"0";"0000000000000000";"2";"";"i_retain_until";"0";"0";"2";"";"0000000000000000";"0";"0000000000000000";"0";"1";"";"1";"0";"0";"0";"";"0";"0";"";"4";"0";"";"0000000000000000"
"6a02cba080008d94";"en";"0000000000000000";"";"cms_digidak_movement_re";"0";"Retainer ID";"";"";"1";"0";"1";"0";"0000000000000000";"2";"";"i_retainer_id";"0";"0";"2";"";"0000000000000000";"0";"0000000000000000";"0";"1";"";"1";"0";"0";"1";"";"0";"0";"";"3";"0";"";"0000000000000000"
"6a02cba080008d95";"en";"0000000000000000";"";"cms_digidak_movement_re";"0";"Version Stamp";"";"";"0";"0";"1";"0";"0000000000000000";"2";"";"i_vstamp";"1";"0";"2";"";"0000000000000000";"0";"0000000000000000";"0";"1";"";"1";"0";"0";"1";"";"0";"0";"";"1";"0";"";"0000000000000000"
"6a02cba080008d96";"en";"0000000000000000";"";"cms_digidak_movement_re";"0";"Keywords";"";"";"1";"0";"1";"0";"0000000000000000";"2";"";"keywords";"0";"0";"2";"";"0000000000000000";"0";"0000000000000000";"0";"8";"";"0";"0";"0";"0";"";"0";"0";"";"2";"48";"";"0000000000000000"
"6a02cba080008d97";"en";"0000000000000000";"";"cms_digidak_movement_re";"0";"Language Code";"";"";"1";"0";"1";"0";"0000000000000000";"2";"";"language_code";"0";"0";"2";"";"0000000000000000";"0";"0000000000000000";"0";"8";"";"0";"0";"0";"0";"";"0";"0";"";"2";"5";"";"0000000000000000"
"6a02cba080008d98";"en";"0000000000000000";"";"cms_digidak_movement_re";"0";"User Comments";"";"";"1";"0";"1";"0";"0000000000000000";"2";"";"log_entry";"0";"0";"2";"";"0000000000000000";"0";"0000000000000000";"0";"8";"";"0";"0";"0";"0";"";"0";"0";"";"2";"120";"";"0000000000000000"
"6a02cba080008d99";"en";"0000000000000000";"";"cms_digidak_movement_re";"0";"Name";"";"";"1";"0";"1";"0";"0000000000000000";"2";"";"object_name";"0";"0";"2";"";"0000000000000000";"0";"0000000000000000";"0";"8";"";"0";"0";"0";"0";"";"0";"0";"";"2";"255";"";"0000000000000000"
"6a02cba080008d9a";"en";"0000000000000000";"";"cms_digidak_movement_re";"0";"Owner Name";"";"";"1";"0";"1";"0";"0000000000000000";"2";"";"owner_name";"1";"0";"2";"";"0000000000000000";"0";"0000000000000000";"0";"8";"";"0";"0";"0";"0";"";"0";"0";"";"2";"255";"";"0000000000000000"
"6a02cba080008d9b";"en";"0000000000000000";"";"cms_digidak_movement_re";"0";"Owner Permission";"";"";"1";"0";"1";"0";"0000000000000000";"2";"";"owner_permit";"1";"0";"2";"";"0000000000000000";"0";"0000000000000000";"0";"1";"";"0";"0";"0";"0";"";"0";"0";"";"1";"0";"";"0000000000000000"
"6a02cba080008d9c";"en";"0000000000000000";"";"cms_digidak_movement_re";"0";"Accessed";"";"";"1";"0";"1";"0";"0000000000000000";"2";"";"r_access_date";"1";"0";"2";"";"0000000000000000";"0";"0000000000000000";"0";"1";"";"1";"0";"0";"0";"";"0";"0";"";"4";"0";"";"0000000000000000"
"6a02cba080008d9d";"en";"0000000000000000";"";"cms_digidak_movement_re";"0";"Alias Set";"";"";"1";"0";"1";"0";"0000000000000000";"2";"";"r_alias_set_id";"0";"0";"2";"";"0000000000000000";"0";"0000000000000000";"0";"1";"";"1";"0";"0";"0";"";"0";"0";"";"3";"0";"";"0000000000000000"
"6a02cba080008d9e";"en";"0000000000000000";"";"cms_digidak_movement_re";"0";"Aspect Name";"";"";"0";"0";"1";"0";"0000000000000000";"2";"";"r_aspect_name";"0";"0";"2";"";"0000000000000000";"0";"0000000000000000";"0";"8";"";"1";"0";"0";"0";"";"0";"0";"";"2";"64";"";"0000000000000000"
"6a02cba080008d9f";"en";"0000000000000000";"";"cms_digidak_movement_re";"0";"Assembled From";"";"";"0";"0";"1";"0";"0000000000000000";"2";"";"r_assembled_from_id";"0";"0";"2";"";"0000000000000000";"0";"0000000000000000";"0";"1";"";"1";"0";"0";"0";"";"0";"0";"";"3";"0";"";"0000000000000000"
"6a02cba080008da0";"en";"0000000000000000";"";"cms_digidak_movement_re";"0";"Component Version";"";"";"0";"0";"1";"0";"0000000000000000";"2";"";"r_component_label";"0";"0";"2";"";"0000000000000000";"0";"0000000000000000";"0";"8";"";"1";"0";"0";"0";"";"0";"0";"";"2";"32";"";"0000000000000000"
"6a02cba080008da1";"en";"0000000000000000";"";"cms_digidak_movement_re";"0";"Composite IDs";"";"";"0";"0";"3";"0";"0000000000000000";"2";"";"r_composite_id";"0";"0";"2";"";"0000000000000000";"0";"0000000000000000";"0";"1";"";"1";"0";"0";"0";"";"0";"0";"";"3";"0";"";"0000000000000000"
"6a02cba080008da2";"en";"0000000000000000";"";"cms_digidak_movement_re";"0";"Composite Version";"";"";"0";"0";"3";"0";"0000000000000000";"2";"";"r_composite_label";"0";"0";"2";"";"0000000000000000";"0";"0000000000000000";"0";"8";"";"1";"0";"0";"0";"";"0";"0";"";"2";"32";"";"0000000000000000"
"6a02cba080008da3";"en";"0000000000000000";"";"cms_digidak_movement_re";"0";"Size";"";"";"1";"0";"1";"0";"0000000000000000";"2";"";"r_content_size";"0";"0";"2";"";"0000000000000000";"0";"0000000000000000";"0";"1";"";"1";"0";"0";"0";"";"0";"0";"";"1";"0";"";"0000000000000000"
"6a02cba080008da4";"en";"0000000000000000";"";"cms_digidak_movement_re";"0";"Created";"";"";"1";"0";"1";"0";"0000000000000000";"2";"";"r_creation_date";"0";"0";"2";"";"0000000000000000";"0";"0000000000000000";"0";"1";"";"1";"0";"0";"0";"";"0";"0";"";"4";"0";"";"0000000000000000"
"6a02cba080008da5";"en";"0000000000000000";"";"cms_digidak_movement_re";"0";"Creator Name";"";"";"1";"0";"1";"0";"0000000000000000";"2";"";"r_creator_name";"0";"0";"2";"";"0000000000000000";"0";"0000000000000000";"0";"8";"";"1";"0";"0";"0";"";"0";"0";"";"2";"255";"";"0000000000000000"
"6a02cba080008da6";"en";"0000000000000000";"";"cms_digidak_movement_re";"0";"Current State";"";"";"1";"0";"1";"0";"0000000000000000";"2";"";"r_current_state";"1";"0";"2";"";"0000000000000000";"0";"0000000000000000";"0";"1";"";"1";"0";"0";"0";"";"0";"0";"";"1";"0";"";"0000000000000000"
"6a02cba080008da7";"en";"0000000000000000";"";"cms_digidak_movement_re";"0";"Frozen";"";"";"0";"0";"1";"0";"0000000000000000";"2";"";"r_frozen_flag";"1";"0";"2";"";"0000000000000000";"0";"0000000000000000";"0";"1";"";"1";"0";"0";"0";"";"0";"0";"";"0";"0";"";"0000000000000000"
"6a02cba080008da8";"en";"0000000000000000";"";"cms_digidak_movement_re";"0";"Frozen Assembly Count";"";"";"0";"0";"1";"0";"0000000000000000";"2";"";"r_frzn_assembly_cnt";"1";"0";"2";"";"0000000000000000";"0";"0000000000000000";"0";"1";"";"1";"0";"0";"0";"";"0";"0";"";"1";"0";"";"0000000000000000"
"6a02cba080008da9";"en";"0000000000000000";"";"cms_digidak_movement_re";"0";"Full Content Size";"";"";"1";"0";"1";"0";"0000000000000000";"2";"";"r_full_content_size";"0";"0";"2";"";"0000000000000000";"0";"0000000000000000";"0";"1";"";"1";"0";"0";"0";"";"0";"0";"";"5";"0";"";"0000000000000000"
"6a02cba080008daa";"en";"0000000000000000";"";"cms_digidak_movement_re";"0";"Has Events";"";"";"1";"0";"1";"0";"0000000000000000";"2";"";"r_has_events";"0";"0";"2";"";"0000000000000000";"0";"0000000000000000";"0";"1";"";"1";"0";"0";"0";"";"0";"0";"";"0";"0";"";"0000000000000000"
"6a02cba080008dab";"en";"0000000000000000";"";"cms_digidak_movement_re";"0";"Has Frozen Assembly";"";"";"1";"0";"1";"0";"0000000000000000";"2";"";"r_has_frzn_assembly";"0";"0";"2";"";"0000000000000000";"0";"0000000000000000";"0";"1";"";"1";"0";"0";"0";"";"0";"0";"";"0";"0";"";"0000000000000000"
"6a02cba080008dac";"en";"0000000000000000";"";"cms_digidak_movement_re";"0";"Is Immutable";"";"";"0";"0";"1";"0";"0000000000000000";"2";"";"r_immutable_flag";"1";"0";"2";"";"0000000000000000";"0";"0000000000000000";"0";"1";"";"1";"0";"0";"0";"";"0";"0";"";"0";"0";"";"0000000000000000"
"6a02cba080008dad";"en";"0000000000000000";"";"cms_digidak_movement_re";"0";"Public";"";"";"1";"0";"1";"0";"0000000000000000";"2";"";"r_is_public";"0";"0";"2";"";"0000000000000000";"0";"0000000000000000";"0";"1";"";"1";"0";"0";"0";"";"0";"0";"";"0";"0";"";"0000000000000000"
"6a02cba080008dae";"en";"0000000000000000";"";"cms_digidak_movement_re";"0";"Virtual Document";"";"";"1";"0";"1";"0";"0000000000000000";"2";"";"r_is_virtual_doc";"0";"0";"2";"";"0000000000000000";"0";"0000000000000000";"0";"1";"";"1";"0";"0";"0";"";"0";"0";"";"1";"0";"";"0000000000000000"
"6a02cba080008daf";"en";"0000000000000000";"";"cms_digidak_movement_re";"0";"Link Count";"";"";"1";"0";"1";"0";"0000000000000000";"2";"";"r_link_cnt";"0";"0";"2";"";"0000000000000000";"0";"0000000000000000";"0";"1";"";"1";"0";"0";"0";"";"0";"0";"";"1";"0";"";"0000000000000000"
"6a02cba080008db0";"en";"0000000000000000";"";"cms_digidak_movement_re";"0";"Maximum Link Count";"";"";"0";"0";"1";"0";"0000000000000000";"2";"";"r_link_high_cnt";"0";"0";"2";"";"0000000000000000";"0";"0000000000000000";"0";"1";"";"1";"0";"0";"0";"";"0";"0";"";"1";"0";"";"0000000000000000"
"6a02cba080008db1";"en";"0000000000000000";"";"cms_digidak_movement_re";"0";"Checkout Date";"";"";"1";"0";"1";"0";"0000000000000000";"2";"";"r_lock_date";"0";"0";"2";"";"0000000000000000";"0";"0000000000000000";"0";"1";"";"1";"0";"0";"0";"";"0";"0";"";"4";"0";"";"0000000000000000"
"6a02cba080008db2";"en";"0000000000000000";"";"cms_digidak_movement_re";"0";"Lock Owner's Host";"";"";"1";"0";"1";"0";"0000000000000000";"2";"";"r_lock_machine";"0";"0";"2";"";"0000000000000000";"0";"0000000000000000";"0";"8";"";"1";"0";"0";"0";"";"0";"0";"";"2";"80";"";"0000000000000000"
"6a02cba080008db3";"en";"0000000000000000";"";"cms_digidak_movement_re";"0";"Checked Out By";"";"";"1";"0";"1";"0";"0000000000000000";"2";"";"r_lock_owner";"0";"0";"2";"";"0000000000000000";"0";"0000000000000000";"0";"8";"";"1";"0";"0";"0";"";"0";"0";"";"2";"255";"";"0000000000000000"
"6a02cba080008db4";"en";"0000000000000000";"";"cms_digidak_movement_re";"0";"Modified By";"";"";"1";"0";"1";"0";"0000000000000000";"2";"";"r_modifier";"0";"0";"2";"";"0000000000000000";"0";"0000000000000000";"0";"8";"";"1";"0";"0";"0";"";"0";"0";"";"2";"255";"";"0000000000000000"
"6a02cba080008db5";"en";"0000000000000000";"";"cms_digidak_movement_re";"0";"Modified";"";"";"1";"0";"1";"0";"0000000000000000";"2";"";"r_modify_date";"0";"0";"2";"";"0000000000000000";"0";"0000000000000000";"0";"1";"";"1";"0";"0";"0";"";"0";"0";"";"4";"0";"";"0000000000000000"
"6a02cba080008db6";"en";"0000000000000000";"";"cms_digidak_movement_re";"0";"Type";"";"";"1";"0";"1";"0";"0000000000000000";"2";"";"r_object_type";"0";"0";"2";"";"0000000000000000";"0";"0000000000000000";"0";"8";"";"1";"0";"0";"0";"";"0";"0";"";"2";"32";"";"0000000000000000"
"6a02cba080008db7";"en";"0000000000000000";"";"cms_digidak_movement_re";"0";"Position";"";"";"0";"0";"1";"0";"0000000000000000";"2";"";"r_order_no";"0";"0";"2";"";"0000000000000000";"0";"0000000000000000";"0";"1";"";"1";"0";"0";"0";"";"0";"0";"";"1";"0";"";"0000000000000000"
"6a02cba080008db8";"en";"0000000000000000";"";"cms_digidak_movement_re";"0";"Content File Count";"";"";"0";"0";"1";"0";"0000000000000000";"2";"";"r_page_cnt";"0";"0";"2";"";"0000000000000000";"0";"0000000000000000";"0";"1";"";"1";"0";"0";"0";"";"0";"0";"";"1";"0";"";"0000000000000000"
"6a02cba080008db9";"en";"0000000000000000";"";"cms_digidak_movement_re";"0";"Lifecycle ID";"";"";"0";"0";"1";"0";"0000000000000000";"2";"";"r_policy_id";"1";"0";"2";"";"0000000000000000";"0";"0000000000000000";"0";"1";"";"1";"0";"0";"0";"";"0";"0";"";"3";"0";"";"0000000000000000"
"6a02cba080008dba";"en";"0000000000000000";"";"cms_digidak_movement_re";"0";"Resume to state";"";"";"1";"0";"1";"0";"0000000000000000";"2";"";"r_resume_state";"1";"0";"2";"";"0000000000000000";"0";"0000000000000000";"0";"1";"";"1";"0";"0";"0";"";"0";"0";"";"1";"0";"";"0000000000000000"
"6a02cba080008dbb";"en";"0000000000000000";"";"cms_digidak_movement_re";"0";"Version Label";"";"";"1";"0";"1";"0";"0000000000000000";"2";"";"r_version_label";"0";"0";"2";"";"0000000000000000";"0";"0000000000000000";"0";"8";"";"1";"0";"0";"0";"";"0";"0";"";"2";"32";"";"0000000000000000"
"6a02cba080008dbc";"en";"0000000000000000";"";"cms_digidak_movement_re";"0";"Resolution Version";"";"";"0";"0";"1";"0";"0000000000000000";"2";"";"resolution_label";"0";"0";"2";"";"0000000000000000";"0";"0000000000000000";"0";"8";"";"0";"0";"0";"0";"";"0";"0";"";"2";"32";"";"0000000000000000"
"6a02cba080008dbd";"en";"0000000000000000";"";"cms_digidak_movement_re";"0";"Subject";"";"";"1";"0";"1";"0";"0000000000000000";"2";"";"subject";"0";"0";"2";"";"0000000000000000";"0";"0000000000000000";"0";"8";"";"0";"0";"0";"0";"";"0";"0";"";"2";"192";"";"0000000000000000"
"6a02cba080008dbe";"en";"0000000000000000";"";"cms_digidak_movement_re";"0";"Title";"";"";"1";"0";"1";"0";"0000000000000000";"2";"";"title";"0";"0";"2";"";"0000000000000000";"0";"0000000000000000";"0";"8";"";"0";"0";"0";"0";"";"0";"0";"";"2";"400";"";"0000000000000000"
"6a02cba080008dbf";"en";"0000000000000000";"";"cms_digidak_movement_re";"0";"World Permissions";"";"";"1";"0";"1";"0";"0000000000000000";"2";"";"world_permit";"1";"0";"2";"";"0000000000000000";"0";"0000000000000000";"0";"1";"";"0";"0";"0";"0";"";"0";"0";"";"1";"0";"";"0000000000000000"
"6a02cba080008dc0";"en";"0000000000000000";"";"cms_digidak_movement_re";"0";"Object ID";"";"";"0";"0";"1";"0";"5902cba080000139";"2";"";"r_object_id";"0";"0";"2";"";"0000000000000000";"0";"0000000000000000";"0";"1";"";"1";"0";"0";"0";"";"0";"0";"";"3";"0";"";"0000000000000000"
"6a02cba080008dc1";"en";"0000000000000000";"";"cms_digidak_movement_re";"0";"Assigned User";"";"";"1";"0";"1";"0";"0000000000000000";"2";"";"assigned_user";"0";"0";"2";"";"0000000000000000";"0";"0000000000000000";"0";"8";"";"0";"0";"0";"0";"";"0";"0";"";"2";"1000";"";"0000000000000000"
"6a02cba080008dc2";"en";"0000000000000000";"";"cms_digidak_movement_re";"0";"Completed Date";"";"";"1";"0";"1";"0";"0000000000000000";"2";"";"completed_date";"0";"0";"2";"";"0000000000000000";"0";"0000000000000000";"0";"1";"";"0";"0";"0";"0";"";"0";"0";"";"4";"0";"";"0000000000000000"
"6a02cba080008dc3";"en";"0000000000000000";"";"cms_digidak_movement_re";"0";"Entry Type";"";"";"1";"0";"1";"0";"0000000000000000";"2";"";"entry_type";"0";"0";"2";"";"0000000000000000";"0";"0000000000000000";"0";"8";"";"0";"0";"0";"0";"";"0";"0";"";"2";"64";"";"0000000000000000"
"6a02cba080008dc4";"en";"0000000000000000";"";"cms_digidak_movement_re";"0";"Letter Subject";"";"";"1";"0";"1";"0";"0000000000000000";"2";"";"letter_subject";"0";"0";"2";"";"0000000000000000";"0";"0000000000000000";"0";"8";"";"0";"0";"0";"0";"";"0";"0";"";"2";"1024";"";"0000000000000000"
"6a02cba080008dc5";"en";"0000000000000000";"";"cms_digidak_movement_re";"0";"Performer";"";"";"1";"0";"1";"0";"0000000000000000";"2";"";"performer";"0";"0";"2";"";"0000000000000000";"0";"0000000000000000";"0";"8";"";"0";"0";"0";"0";"";"0";"0";"";"2";"1000";"";"0000000000000000"
"6a02cba080008dc6";"en";"0000000000000000";"";"cms_digidak_movement_re";"0";"Received Date";"";"";"1";"0";"1";"0";"0000000000000000";"2";"";"received_date";"0";"0";"2";"";"0000000000000000";"0";"0000000000000000";"0";"1";"";"0";"0";"0";"0";"";"0";"0";"";"4";"0";"";"0000000000000000"
"6a02cba080008dc7";"en";"0000000000000000";"";"cms_digidak_movement_re";"0";"Status";"";"";"1";"0";"1";"0";"0000000000000000";"2";"";"status";"0";"0";"2";"";"0000000000000000";"0";"0000000000000000";"0";"8";"";"0";"0";"0";"0";"";"0";"0";"";"2";"64";"";"0000000000000000"
"6a02cba080008dc8";"en";"0000000000000000";"";"cms_digidak_movement_re";"0";"Type Category";"";"";"1";"0";"1";"0";"0000000000000000";"2";"";"type_category";"0";"0";"2";"";"0000000000000000";"0";"0000000000000000";"0";"8";"";"0";"0";"0";"0";"";"0";"0";"";"2";"1000";"";"0000000000000000"
"6a02cba080008e33";"en";"0000000000000000";"";"cms_digidak_folder";"0";"Due Date";"";"";"1";"0";"1";"0";"0000000000000000";"2";"";"due_date";"0";"0";"2";"";"0000000000000000";"0";"0000000000000000";"0";"1";"";"0";"0";"0";"0";"";"0";"0";"";"4";"0";"";"0000000000000000"
"6a02cba080008e34";"en";"0000000000000000";"";"cms_digidak_folder";"0";"File Number";"";"";"1";"0";"1";"0";"0000000000000000";"2";"";"file_number";"0";"0";"2";"";"0000000000000000";"0";"0000000000000000";"0";"8";"";"0";"0";"0";"0";"";"0";"0";"";"2";"1024";"";"0000000000000000"
"6a02cba080008e35";"en";"0000000000000000";"";"cms_digidak_folder";"0";"Nature of Correspondence";"";"";"1";"0";"1";"0";"0000000000000000";"2";"";"nature_of_correspondence";"0";"0";"2";"";"0000000000000000";"0";"0000000000000000";"0";"8";"";"0";"0";"0";"0";"";"0";"0";"";"2";"64";"";"0000000000000000"
"6a02cba080008e36";"en";"0000000000000000";"";"cms_digidak_folder";"0";"Source Vertical";"";"";"1";"0";"1";"0";"0000000000000000";"2";"";"source_vertical";"0";"0";"2";"";"0000000000000000";"0";"0000000000000000";"0";"8";"";"0";"0";"0";"0";"";"0";"0";"";"2";"1024";"";"0000000000000000"
"6a02cba080008e37";"en";"0000000000000000";"";"cms_digidak_folder";"0";"Completion Date";"";"";"1";"0";"1";"0";"0000000000000000";"2";"";"completion_date";"0";"0";"2";"";"0000000000000000";"0";"0000000000000000";"0";"1";"";"0";"0";"0";"0";"";"0";"0";"";"4";"0";"";"0000000000000000"
"6a02cba080009102";"en";"0000000000000000";"";"cms_digidak_document";"0";"Publishing ID";"";"";"1";"0";"1";"0";"0000000000000000";"2";"";"publishing_id";"0";"0";"2";"";"0000000000000000";"0";"0000000000000000";"0";"8";"";"0";"0";"0";"0";"";"0";"0";"";"2";"1024";"";"0000000000000000"
"6a02cba080009500";"en";"0000000000000000";"";"cms_digidak_folder";"0";"Vertical Head Display Name";"";"";"1";"0";"1";"0";"0000000000000000";"2";"";"vertical_head_display_name";"0";"0";"2";"";"0000000000000000";"0";"0000000000000000";"0";"8";"";"0";"0";"0";"0";"";"0";"0";"";"2";"1024";"";"0000000000000000"
"6a02cba080009e73";"en";"0000000000000000";"";"cms_digidak_folder";"0";"Case Number";"";"";"1";"0";"1";"0";"0000000000000000";"2";"";"case_number";"0";"0";"2";"";"0000000000000000";"0";"0000000000000000";"0";"8";"";"0";"0";"0";"0";"";"0";"0";"";"2";"1024";"";"0000000000000000"
"6a02cba080009e74";"en";"0000000000000000";"";"cms_digidak_folder";"0";"Group UID";"";"";"1";"0";"1";"0";"0000000000000000";"2";"";"group_uid";"0";"0";"2";"";"0000000000000000";"0";"0000000000000000";"0";"8";"";"0";"0";"0";"0";"";"0";"0";"";"2";"1024";"";"0000000000000000"
"6a02cba080009e75";"en";"0000000000000000";"";"cms_digidak_folder";"0";"Reference Cases";"";"";"1";"0";"1";"0";"0000000000000000";"2";"";"reference_cases";"0";"0";"2";"";"0000000000000000";"0";"0000000000000000";"0";"8";"";"0";"0";"0";"0";"";"0";"0";"";"2";"1024";"";"0000000000000000"
"6a02cba080009e76";"en";"0000000000000000";"";"cms_digidak_folder";"0";"Responding UID";"";"";"1";"0";"1";"0";"0000000000000000";"2";"";"responding_uid";"0";"0";"2";"";"0000000000000000";"0";"0000000000000000";"0";"8";"";"0";"0";"0";"0";"";"0";"0";"";"2";"1024";"";"0000000000000000"
"6a02cba080009e7a";"en";"0000000000000000";"";"cms_digidak_folder";"0";"User Comments";"";"";"1";"0";"1";"0";"0000000000000000";"2";"";"user_comments";"0";"0";"2";"";"0000000000000000";"0";"0000000000000000";"0";"8";"";"0";"0";"0";"0";"";"0";"0";"";"2";"1024";"";"0000000000000000"
"6a02cba08000a500";"en";"0000000000000000";"";"cms_digidak_folder";"0";"Login CGM Group";"";"";"1";"0";"1";"0";"0000000000000000";"2";"";"login_cgm_group";"0";"0";"2";"";"0000000000000000";"0";"0000000000000000";"0";"8";"";"0";"0";"0";"0";"";"0";"0";"";"2";"1024";"";"0000000000000000"
"6a02cba08000a900";"en";"0000000000000000";"";"cms_digidak_folder";"0";"Inward Vertical";"";"";"1";"0";"1";"0";"0000000000000000";"2";"";"inward_vertical";"0";"0";"2";"";"0000000000000000";"0";"0000000000000000";"0";"8";"";"0";"0";"0";"0";"";"0";"0";"";"2";"1024";"";"0000000000000000"
"6a02cba08000ad00";"en";"0000000000000000";"";"cms_digidak_folder";"0";"Email ID";"";"";"1";"0";"1";"0";"0000000000000000";"2";"";"email_id";"0";"0";"2";"";"0000000000000000";"0";"0000000000000000";"0";"8";"";"0";"0";"0";"0";"";"0";"0";"";"2";"64";"";"0000000000000000"
"6a02cba08000ad03";"en";"0000000000000000";"";"cms_digidak_folder";"0";"Endorse UID";"";"";"1";"0";"1";"0";"0000000000000000";"2";"";"endorse_uid";"0";"0";"2";"";"0000000000000000";"0";"0000000000000000";"0";"8";"";"0";"0";"0";"0";"";"0";"0";"";"2";"128";"";"0000000000000000"
"6a02cba08000ad04";"en";"0000000000000000";"";"cms_digidak_folder";"0";"Office Order No";"";"";"1";"0";"1";"0";"0000000000000000";"2";"";"office_order_no";"0";"0";"2";"";"0000000000000000";"0";"0000000000000000";"0";"8";"";"0";"0";"0";"0";"";"0";"0";"";"2";"64";"";"0000000000000000"
"6a02cba08000ad05";"en";"0000000000000000";"";"cms_digidak_folder";"0";"HRMD Users";"";"";"1";"0";"1";"0";"0000000000000000";"2";"";"hrmd_users";"0";"0";"2";"";"0000000000000000";"0";"0000000000000000";"0";"8";"";"0";"0";"0";"0";"";"0";"0";"";"2";"1024";"";"0000000000000000"
"6a02cba08000ad06";"en";"0000000000000000";"";"cms_digidak_folder";"0";"Responding object id";"";"";"1";"0";"1";"0";"0000000000000000";"2";"";"responding_object_id";"0";"0";"2";"";"0000000000000000";"0";"0000000000000000";"0";"8";"";"0";"0";"0";"0";"";"0";"0";"";"2";"1024";"";"0000000000000000"
"6a02cba08000ad07";"en";"0000000000000000";"";"cms_digidak_folder";"0";"Outward Vertical";"";"";"1";"0";"1";"0";"0000000000000000";"2";"";"outward_vertical";"0";"0";"2";"";"0000000000000000";"0";"0000000000000000";"0";"8";"";"0";"0";"0";"0";"";"0";"0";"";"2";"1024";"";"0000000000000000"
"6a02cba08000b100";"en";"0000000000000000";"";"cms_digidak_folder";"0";"Draft office Type";"";"";"1";"0";"1";"0";"0000000000000000";"2";"";"draft_office_type";"0";"0";"2";"";"0000000000000000";"0";"0000000000000000";"0";"8";"";"0";"0";"0";"0";"";"0";"0";"";"2";"1024";"";"0000000000000000"
"6a02cba08000b101";"en";"0000000000000000";"";"cms_digidak_folder";"0";"Draft Selected Recipients";"";"";"1";"0";"1";"0";"0000000000000000";"2";"";"draft_selected_recipients";"0";"0";"2";"";"0000000000000000";"0";"0000000000000000";"0";"8";"";"0";"0";"0";"0";"";"0";"0";"";"2";"1024";"";"0000000000000000"
"6a02cba08000b102";"en";"0000000000000000";"";"cms_digidak_folder";"0";"DDM Users";"";"";"1";"0";"1";"0";"0000000000000000";"2";"";"ddm_users";"0";"0";"2";"";"0000000000000000";"0";"0000000000000000";"0";"8";"";"0";"0";"0";"0";"";"0";"0";"";"2";"1024";"";"0000000000000000"
"6a02cba08000b103";"en";"0000000000000000";"";"cms_digidak_folder";"0";"DDM Vertical";"";"";"1";"0";"1";"0";"0000000000000000";"2";"";"ddm_vertical";"0";"0";"2";"";"0000000000000000";"0";"0000000000000000";"0";"8";"";"0";"0";"0";"0";"";"0";"0";"";"2";"1024";"";"0000000000000000"
"6a02cba08000b104";"en";"0000000000000000";"";"cms_digidak_folder";"0";"Excel Object ID";"";"";"1";"0";"1";"0";"0000000000000000";"2";"";"excel_object_id";"0";"0";"2";"";"0000000000000000";"0";"0000000000000000";"0";"8";"";"0";"0";"0";"0";"";"0";"0";"";"2";"64";"";"0000000000000000"
"6a02cba08000b105";"en";"0000000000000000";"";"cms_digidak_folder";"0";"Excel Sequence ID";"";"";"1";"0";"1";"0";"0000000000000000";"2";"";"excel_sequence_id";"0";"0";"2";"";"0000000000000000";"0";"0000000000000000";"0";"8";"";"0";"0";"0";"0";"";"0";"0";"";"2";"1024";"";"0000000000000000"
"6a02cba08000b106";"en";"0000000000000000";"";"cms_digidak_folder";"0";"Is External Excel";"";"";"1";"0";"1";"0";"0000000000000000";"2";"";"is_external_excel";"0";"0";"2";"";"0000000000000000";"0";"0000000000000000";"0";"1";"";"0";"0";"0";"0";"";"0";"0";"";"0";"0";"";"0000000000000000"
"6a02cba08000b502";"en";"0000000000000000";"";"cms_digidak_folder";"0";"Is DDM";"";"";"1";"0";"1";"0";"0000000000000000";"2";"";"is_ddm";"0";"0";"2";"";"0000000000000000";"0";"0000000000000000";"0";"1";"";"0";"0";"0";"0";"";"0";"0";"";"0";"0";"";"0000000000000000"
"6a02cba08000b503";"en";"0000000000000000";"";"cms_digidak_folder";"0";"Is Endorsed";"";"";"1";"0";"1";"0";"0000000000000000";"2";"";"is_endorsed";"0";"0";"2";"";"0000000000000000";"0";"0000000000000000";"0";"1";"";"0";"0";"0";"0";"";"0";"0";"";"0";"0";"";"0000000000000000"
"6a02cba08000b504";"en";"0000000000000000";"";"cms_digidak_folder";"0";"Pushback Comments";"";"";"1";"0";"1";"0";"0000000000000000";"2";"";"pushback_comments";"0";"0";"2";"";"0000000000000000";"0";"0000000000000000";"0";"8";"";"0";"0";"0";"0";"";"0";"0";"";"2";"1024";"";"0000000000000000"
"6a02cba08000b505";"en";"0000000000000000";"";"cms_digidak_folder";"0";"is_ro_to_ddm";"";"";"1";"0";"1";"0";"0000000000000000";"2";"";"is_ro_to_ddm";"0";"0";"2";"";"0000000000000000";"0";"0000000000000000";"0";"1";"";"0";"0";"0";"0";"";"0";"0";"";"0";"0";"";"0000000000000000"
"6a02cba08000b900";"en";"0000000000000000";"";"cms_digidak_movement_re";"0";"Comments";"";"";"1";"0";"1";"0";"0000000000000000";"2";"";"comments";"0";"0";"2";"";"0000000000000000";"0";"0000000000000000";"0";"8";"";"0";"0";"0";"0";"";"0";"0";"";"2";"1024";"";"0000000000000000"
"6a02cba08000bd00";"en";"0000000000000000";"";"cms_digidak_folder";"0";"Forward Group UID";"";"";"1";"0";"1";"0";"0000000000000000";"2";"";"forward_group_uid";"0";"0";"2";"";"0000000000000000";"0";"0000000000000000";"0";"8";"";"0";"0";"0";"0";"";"0";"0";"";"2";"1024";"";"0000000000000000"
"6a02cba08000bd01";"en";"0000000000000000";"";"cms_digidak_folder";"0";"Is Forward";"";"";"1";"0";"1";"0";"0000000000000000";"2";"";"is_forward";"0";"0";"2";"";"0000000000000000";"0";"0000000000000000";"0";"1";"";"0";"0";"0";"0";"";"0";"0";"";"0";"0";"";"0000000000000000"
"6a02cba08000bd02";"en";"0000000000000000";"";"cms_digidak_folder";"0";"Remarks";"";"";"1";"0";"1";"0";"0000000000000000";"2";"";"remarks";"0";"0";"2";"";"0000000000000000";"0";"0000000000000000";"0";"8";"";"0";"0";"0";"0";"";"0";"0";"";"2";"1024";"";"0000000000000000"
"6a02cba08000c100";"en";"0000000000000000";"";"cms_digidak_folder";"0";"last_mail_sent_date";"";"";"1";"0";"1";"0";"0000000000000000";"2";"";"last_mail_sent_date";"0";"0";"2";"";"0000000000000000";"0";"0000000000000000";"0";"1";"";"0";"0";"0";"0";"";"0";"0";"";"4";"0";"";"0000000000000000"
"6a02cba08000c500";"en";"0000000000000000";"";"cms_digidak_folder";"0";"Is Endorsed Letter";"";"";"1";"0";"1";"0";"0000000000000000";"2";"";"is_endorsed_letter";"0";"0";"2";"";"0000000000000000";"0";"0000000000000000";"0";"1";"";"0";"0";"0";"0";"";"0";"0";"";"0";"0";"";"0000000000000000"
"6a02cba08000c501";"en";"0000000000000000";"";"cms_digidak_folder";"0";"Forward Letter Object Id";"";"";"1";"0";"1";"0";"0000000000000000";"2";"";"forward_letter_object_id";"0";"0";"2";"";"0000000000000000";"0";"0000000000000000";"0";"8";"";"0";"0";"0";"0";"";"0";"0";"";"2";"1024";"";"0000000000000000"
"6a02cba08000c90a";"en";"0000000000000000";"";"cms_digidak_folder";"0";"Source Vertical Group Name";"";"";"1";"0";"1";"0";"0000000000000000";"2";"";"source_vertical_group_name";"0";"0";"2";"";"0000000000000000";"0";"0000000000000000";"0";"8";"";"0";"0";"0";"0";"";"0";"0";"";"2";"1024";"";"0000000000000000"
"6a02cba08000cd64";"en";"0000000000000000";"";"cms_digidak_folder";"0";"Is From Outlook";"";"";"1";"0";"1";"0";"0000000000000000";"2";"";"is_from_outlook";"0";"0";"2";"";"0000000000000000";"0";"0000000000000000";"0";"1";"";"0";"0";"0";"0";"";"0";"0";"";"0";"0";"";"0000000000000000"
"6a02cba08000cd6b";"en";"0000000000000000";"";"cms_digidak_folder";"0";"Is Migrated";"";"";"1";"0";"1";"0";"0000000000000000";"2";"";"is_migrated";"0";"0";"2";"";"0000000000000000";"0";"0000000000000000";"0";"1";"";"0";"0";"0";"0";"";"0";"0";"";"0";"0";"";"0000000000000000"
"6a02cba08000cd6c";"en";"0000000000000000";"";"cms_digidak_folder";"0";"Migrated ID";"";"";"1";"0";"1";"0";"0000000000000000";"2";"";"migrated_id";"0";"0";"2";"";"0000000000000000";"0";"0000000000000000";"0";"8";"";"0";"0";"0";"0";"";"0";"0";"";"2";"64";"";"0000000000000000"
"6a02cba08000cd6d";"en";"0000000000000000";"";"cms_digidak_movement_re";"0";"Is Migrated";"";"";"1";"0";"1";"0";"0000000000000000";"2";"";"is_migrated";"0";"0";"2";"";"0000000000000000";"0";"0000000000000000";"0";"1";"";"0";"0";"0";"0";"";"0";"0";"";"0";"0";"";"0000000000000000"
"6a02cba08000cd6e";"en";"0000000000000000";"";"cms_digidak_movement_re";"0";"Migrated ID";"";"";"1";"0";"1";"0";"0000000000000000";"2";"";"migrated_id";"0";"0";"2";"";"0000000000000000";"0";"0000000000000000";"0";"8";"";"0";"0";"0";"0";"";"0";"0";"";"2";"64";"";"0000000000000000"
"6a02cba08000cd6f";"en";"0000000000000000";"";"cms_digidak_document";"0";"Is Migrated";"";"";"1";"0";"1";"0";"0000000000000000";"2";"";"is_migrated";"0";"0";"2";"";"0000000000000000";"0";"0000000000000000";"0";"1";"";"0";"0";"0";"0";"";"0";"0";"";"0";"0";"";"0000000000000000"
"6a02cba08000cd70";"en";"0000000000000000";"";"cms_digidak_document";"0";"Migrated ID";"";"";"1";"0";"1";"0";"0000000000000000";"2";"";"migrated_id";"0";"0";"2";"";"0000000000000000";"0";"0000000000000000";"0";"8";"";"0";"0";"0";"0";"";"0";"0";"";"2";"64";"";"0000000000000000"
